Restaurant ID,Restaurant Name,Country Code,City,Address,Locality,Locality Verbose,Longitude,Latitude,Cuisines,Average Cost for two,Currency,Has Table booking,Has Online delivery,Is delivering now,Switch to order menu,Price range,Aggregate rating,Rating color,Rating text,Votes
3918,Wah Ji Wah,1,New Delhi,"B-6/1, Double Story, Near Metro Pillar 371, Ramesh Nagar, Kirti Nagar, New Delhi",Kirti Nagar,"Kirti Nagar, New Delhi",77.1284425,28.6517775,North Indian,350.0,Indian Rupees(Rs.),No,No,No,No,1,2.1,Red,Poor,54.0
18408054,19 Flavours Biryani,1,Gurgaon,"Global Foyer Mall, Sector 43, Golf Course Road, Gurgaon","Global Foyer Mall, Golf Course Road","Global Foyer Mall, Golf Course Road, Gurgaon",77.0954319,28.4604444,"Mughlai, Hyderabadi",700.0,Indian Rupees(Rs.),No,Yes,No,No,2,4.1,Green,Very Good,84.0
309693,Andaaz E Paranthas,1,Noida,"306, 2nd Floor, Food Court, Spice World Mall, Sector 25, Noida","Spice World Mall, Sector 25","Spice World Mall, Sector 25, Noida",77.3404494,28.5854737,"North Indian, Mughlai",,Indian Rupees(Rs.),No,No,No,No,2,,Orange,Average,36.0
18157386,Tony's,1,New Delhi,"C-23, Single Storey, Vijay Nagar, New Delhi",Vijay Nagar,"Vijay Nagar, New Delhi",77.201128,28.6919997,Fast Food,200.0,Indian Rupees(Rs.),No,Yes,No,No,1,4.4,Green,Very Good,163.0
18396163,Yummy Adda,1,New Delhi,"1333, Near Batra Cinema, Mukherjee Nagar, New Delhi",Mukherjee Nagar,"Mukherjee Nagar, New Delhi",77.21613,28.7120622,"North Indian, Mughlai",400.0,Indian Rupees(Rs.),No,No,No,No,1,3.5,Yellow,Good,14.0
18449643,Tea Point,1,New Delhi,"Opposite Batra Cinema Complex, Mukherjee Nagar",Mukherjee Nagar,"Mukherjee Nagar, New Delhi",77.2146844,28.7120416,,150.0,Indian Rupees(Rs.),No,No,No,No,1,0.0,,Not rated,0.0
2204,Rainbows,1,New Delhi,"Shop 3, D Block Market, Community Centre, Vasant Vihar, New Delhi",Vasant Vihar,"Vasant Vihar, New Delhi",77.15505794,28.56157466,"Bakery, Fast Food",400.0,Indian Rupees(Rs.),No,Yes,No,No,1,3.2,Orange,Average,28.0
304771,Bansiwala Sweets,1,Gurgaon,"Sector 5 Chowk, Palam Vihar Road, Palam Vihar, Gurgaon",Palam Vihar,"Palam Vihar, Gurgaon",77.0197677,28.4859483,"Street Food, Mithai",100.0,Indian Rupees(Rs.),No,No,No,No,1,0.0,White,Not rated,1.0
18303845,Green Restaurant,1,Noida,"Shop 2, Sharma Market, Sector 37, Noida",Sector 37,"Sector 37, Noida",77.3408326,28.5661948,"North Indian, Chinese, Mughlai",400.0,Indian Rupees(Rs.),No,Yes,No,No,1,3.6,Yellow,Good,47.0
18420454,Me Kong Bowl,1,Gurgaon,"G229, Sushant Shopping Arcade, Sushant Lok, Gurgaon","Sushant Shopping Arcade, Sushant Lok, Gurgaon","Sushant Shopping Arcade, Sushant Lok, Gurgaon, Gurgaon",77.0796953,28.460726,,700.0,Indian Rupees(Rs.),No,Yes,No,No,2,4.0,Green,Very Good,27.0
18383447,Drifters Cafe,1,Gurgaon,"Club 5, Club Drive, DLF Phase 5, Gurgaon",DLF Phase 5,"DLF Phase 5, Gurgaon",77.0951664,28.4477214,"Chinese, Thai, Asian",400.0,Indian Rupees(Rs.),No,Yes,No,No,1,3.9,Yellow,Good,40.0
18455547,Jiya Amritsari Naan,1,New Delhi,"Subhash Nagar, New Delhi",Subhash Nagar,"Subhash Nagar, New Delhi",77.1194054,28.634274,North Indian,200.0,Indian Rupees(Rs.),No,No,No,No,1,0.0,White,Not rated,0.0
18372668,Tandoori KnockOuts,1,Gurgaon,"A 224, Supermart 1, DLF Phase 4, Gurgaon","Supermart 1, DLF Phase 4","Supermart 1, DLF Phase 4, Gurgaon",77.0871592,28.4626087,"Fast Food, North Indian",500.0,Indian Rupees(Rs.),No,Yes,No,No,2,4.2,Green,Very Good,112.0
18431158,Chocolate Fountain,1,Noida,"Food Court, 3rd Floor, Great India Palace Mall, Sector 38, Noida","The Great India Place, Sector 38","The Great India Place, Sector 38, Noida",77.3253979,28.5671588,Desserts,150.0,Indian Rupees(Rs.),No,No,No,No,1,0.0,White,Not rated,1.0
18057825,Kay's Chik-In,1,New Delhi,"G-3, Vardhman Royal Plaza, Gujranwala Town Part 1, Gujranwala Town , New Delhi",Gujranwala Town,"Gujranwala Town, New Delhi",77.1897181,28.701475,North Indian,650.0,Indian Rupees(Rs.),No,No,No,No,2,2.6,Orange,Average,7.0
303743,Chinar Junction,1,Gurgaon,"Late Atul Kataria Chowk, Sector 14, Gurgaon",Sector 14,"Sector 14, Gurgaon",77.04808339,28.48038451,"North Indian, Chinese",600.0,Indian Rupees(Rs.),No,No,No,No,2,2.8,Orange,Average,8.0
18270976,Tea Villa Cafe,1,Mumbai,"28, Aaram Nagar 1, Opposite Dariya Mahal, Versova, Andheri West","Versova, Andheri West","Versova, Andheri West, Mumbai",72.8130738,19.1311405,"Cafe, Italian, Desserts, Fast Food, Chinese, Tea",1000.0,Indian Rupees(Rs.),Yes,Yes,No,No,3,4.1,Green,Very Good,1295.0
311336,Veggie-Licious,1,New Delhi,"G-6, GS Arcade, Pocket B, Behind State Bank of India, Mayur Vihar Phase 2, New Delhi",Mayur Vihar Phase 2,"Mayur Vihar Phase 2, New Delhi",77.3011572,28.6192865,"North Indian, Chinese, Continental, Fast Food",450.0,Indian Rupees(Rs.),No,Yes,No,No,1,3.6,Yellow,Good,100.0
18450934,The Grillz & Gravy,1,Faridabad,"3G/1, NIT, Faridabad",NIT,"NIT, Faridabad",77.2922781,28.3982684,"North Indian, Chinese",400.0,Indian Rupees(Rs.),No,No,No,No,9,0.0,White,Not rated,0.0
18466420,Chaudhary Chaap & Chinese,1,Faridabad,"Shop 137, Huda Market, Sector 16, Faridabad",Sector 16,"Sector 16, Faridabad",77.3187017,28.4106649,"Chinese, North Indian",300.0,Indian Rupees(Rs.),No,No,No,No,1,0.0,White,Not rated,0.0
1414,Anupama Sweets & Family Restaurant,1,Faridabad,"SCF 3, Ashoka Enclave Part 1, Near Kanishka Tower, Sector 34, Faridabad",Sector 34,"Sector 34, Faridabad",77.3149118,28.4718644,"Mithai, North Indian, South Indian, Chinese, Fast Food",400.0,Indian Rupees(Rs.),No,Yes,No,No,1,2.7,Orange,Average,28.0
300907,Happy Hakka,1,Noida,"149, Jaipuria Plaza, Sector 26, Noida","Jaipuria Plaza, Sector 26, Noida","Jaipuria Plaza, Sector 26, Noida, Noida",77.3353591,28.5764845,"Chinese, Asian, Thai",650.0,Indian Rupees(Rs.),No,Yes,No,No,2,3.6,Yellow,Good,582.0
312142,The Biryani Co.,1,New Delhi,"1/33, Satyaniketan, New Delhi",Satyaniketan,"Satyaniketan, New Delhi",77.1706691,28.5871376,"Hyderabadi, Biryani, North Indian",650.0,Indian Rupees(Rs.),No,Yes,No,No,2,4.2,Green,Very Good,295.0
18432940,LaBont��,1,New Delhi,"M-22, Ground Floor, Greater Kailash (GK) 2, New Delhi",Greater Kailash (GK) 2,"Greater Kailash (GK) 2, New Delhi",77.2420436,28.5335013,Bakery,500.0,Indian Rupees(Rs.),No,No,No,No,2,3.4,Orange,Average,17.0
900533,Paragon,1,Kochi,"F 82-83, Level 1, LuLu Mall, NH-17, Entrance Road, Edapally Junction, Edappally, Kochi","LuLu Mall, Edappally","LuLu Mall, Edappally, Kochi",76.30825833,10.02736389,"Kerala, South Indian, Continental, North Indian, Seafood, Chinese",900.0,Indian Rupees(Rs.),No,No,No,No,2,4.3,Green,Very Good,722.0
304994,F 2 Pastry Shop,1,New Delhi,"4 Post Office Block, Near Rupa Ice Cream Parlour, Krishna Nagar, New Delhi",Krishna Nagar,"Krishna Nagar, New Delhi",77.2812826,28.6602119,"Bakery, Fast Food",150.0,Indian Rupees(Rs.),No,No,No,No,1,3.3,Orange,Average,26.0
301214,Chawla's,1,New Delhi,"13/41, Geeta Colony, New Delhi",Geeta Colony,"Geeta Colony, New Delhi",77.2743231,28.6506052,"North Indian, Mughlai, Chinese",800.0,Indian Rupees(Rs.),No,No,No,No,2,3.3,Orange,Average,50.0
5927,Aggarwal Sweets & Restaurant,1,Gurgaon,"B-89, Vyaapar Kendra, Palam Vihar, Gurgaon","Vyapar Kendra, Palam Vihar","Vyapar Kendra, Palam Vihar, Gurgaon",77.0311238,28.5088417,Mithai,100.0,Indian Rupees(Rs.),No,No,No,No,1,0.0,,Not rated,99999.0
18238241,Nazeer Foods,1,New Delhi,"Shop 71, Desh Bandu Gupta Road, Opposite PP Jewelers, Karol Bagh, New Delhi",Karol Bagh,"Karol Bagh, New Delhi",77.1941204,,"Mughlai, North Indian",600.0,Indian Rupees(Rs.),No,Yes,No,No,2,3.5,Yellow,Good,27.0
3118,U Like,1,New Delhi,"3083, Raj Guru Road, Chuna Mandi, Paharganj, New Delhi",Paharganj,"Paharganj, New Delhi",77.21109062,28.64525804,North Indian,600.0,Indian Rupees(Rs.),No,No,No,No,2,3.0,Orange,Average,16.0
18354650,Urban Gala,1,New Delhi,"1st Floor, The India Mall, New Friends Colony, New Delhi","The India Mall, New Friends Colony","The India Mall, New Friends Colony, New Delhi",77.26885669,28.56179522,"Chinese, Cafe",700.0,Indian Rupees(Rs.),No,No,No,No,2,-1.0,Orange,Average,
3497,Green Chick Chop,1,New Delhi,"56, Khanna Market, Lodhi Colony, New Delhi",Lodhi Colony,"Lodhi Colony, New Delhi",77.2206212,28.5829457,"Raw Meats, North Indian, Fast Food",350.0,Indian Rupees(Rs.),No,No,No,No,1,2.9,Orange,Average,12.0
18469938,BED,1,New Delhi,"2nd Floor, N-17, N Block Market, Greater Kailash (GK) 1, New Delhi",Greater Kailash (GK) 1,"Greater Kailash (GK) 1, New Delhi",77.2328365,28.5564122,"European, Sushi, Italian",2700.0,Indian Rupees(Rs.),Yes,No,No,No,4,3.0,Orange,Average,9.0
18457856,Food Town,1,,"Shop 12, A Block, Sector 31, Noida",Sector 31,"Sector 31, Noida",0.0,0.0,"Chinese, North Indian, South Indian",250.0,Indian Rupees(Rs.),No,,No,No,1,0.0,White,Not rated,0.0
9670,Shree Rathnam,1,New Delhi,"4, State Bank Nagar, Outer Ring Road, Paschim Vihar, New Delhi",Paschim Vihar,"Paschim Vihar, New Delhi",77.0917501,28.6609267,"South Indian, North Indian, Chinese",800.0,Indian Rupees(Rs.),Yes,Yes,No,No,2,3.2,Orange,Average,95.0
16611498,Stillwater on Belmore,14,Lorn,"27 Belmore Rd,, Lorn, NSW",Lorn,"Lorn, Lorn",,-32.728097,"Breakfast, Coffee and Tea",20.0,,No,No,No,No,2,3.6,Yellow,,18.0
17258350,Flying Mango,216,Des Moines,"4345 Hickman Rd, Des Moines, IA 50310",Beaverdale,"Beaverdale, Des Moines",-93.677638,41.614965,"BBQ, Caribbean, Cajun",40.0,Dollar($),No,No,No,No,3,4.5,Dark Green,Excellent,674.0
305242,Spices & Sauces,1,Gurgaon,"City Mark Hotel, Mahavir Chowk, Near Sector 12, Gurgaon",Sector 12,"Sector 12, Gurgaon",77.0324282,28.4637496,"North Indian, Continental",1500.0,Indian Rupees(Rs.),Yes,No,No,No,3,3.0,Orange,Average,8.0
18449659,Sen's Sational Xpress Kitchen,1,Noida,"Shop 2, C Block Market, Sector 39, Noida",Sector 39,"Sector 39, Noida",0.0,0.0,"North Indian, Mughlai",600.0,Indian Rupees(Rs.),No,Yes,No,No,2,3.0,Orange,Average,7.0
18425995,Texas Roadhouse,166,Doha,"Ground Floor, Mall Of Qatar, Dukhan Highway, Al Gharafa, Doha","Mall of Qatar, Al Gharafa","Mall of Qatar, Al Gharafa, Doha",51.3500471,25.3273326,"Steak, American",250.0,Qatari Rial(QR),No,No,No,No,4,4.0,Green,Very Good,41.0
308750,Adarsh Kulfi,1,Noida,"Food Court, Ground Floor, Supertech Shoprix Mall, Sector 61, Noida","Supertech Shopprix Mall, Sector 61","Supertech Shopprix Mall, Sector 61, Noida",77.3648332,28.5971027,Ice Cream,100.0,Indian Rupees(Rs.),No,No,No,No,1,0.0,White,Not rated,3.0
9210,Gupta Rasoi,1,New Delhi,"60, DDA Mini Market, Opposite Chiranjiv Tower, Nehru Place, New Delhi",Nehru Place,"Nehru Place, New Delhi",77.2500794,28.5494455,North Indian,200.0,Indian Rupees(Rs.),No,No,No,No,1,0.0,White,,1.0
1920,Gopala,1,Gurgaon,"D-85, Shopping Mall, Arjun Marg, DLF Phase 1, Gurgaon","Shopping Mall, DLF Phase 1","Shopping Mall, DLF Phase 1, Gurgaon",77.0998689,28.4658365,"Mithai, Street Food",250.0,Indian Rupees(Rs.),No,No,No,No,1,3.4,Orange,,37.0
18371414,Apni Rasoi,1,New Delhi,"Plot 2, Shyam Enclave, Main Goyla Road, Deen Pur, Najafgarh, New Delhi",Najafgarh,"Najafgarh, New Delhi",76.9969561,28.5910043,"Mughlai, North Indian",300.0,Indian Rupees(Rs.),No,No,No,No,1,0.0,White,Not rated,0.0
18383481,Juice Lounge,1,Noida,"Food Court, 3rd Floor, Logix City Centre, Sector 32, Near Sector 34, Noida","Logix City Centre, Sector 32, Noida","Logix City Centre, Sector 32, Noida, Noida",77.35367786,28.57419684,"Juices, Fast Food",300.0,Indian Rupees(Rs.),No,No,No,No,1,,White,Not rated,1.0
18357945,The Daily,1,Gurgaon,"3-5, Shiv Narayan Complex, Near Prachin Hanuman Mandir, Sikandarpur, Gurgaon",Sikandarpur,"Sikandarpur, Gurgaon",77.0967623,28.4834802,,300.0,Indian Rupees(Rs.),No,No,No,No,1,0.0,White,Not rated,0.0
310705,Hangchuaa's Chinese Food Corner,1,New Delhi,"435, Leela Ram Market, Masjid Moth, South Extension 2, New Delhi",South Extension 2,"South Extension 2, New Delhi",77.21891731,28.56432472,Chinese,600.0,Indian Rupees(Rs.),No,No,No,No,2,3.1,Orange,Average,20.0
308189,Moradabadi Biryani,1,New Delhi,"E 361, Double Storey, Ramesh Nagar, Near, Kirti Nagar, New Delhi",Kirti Nagar,"Kirti Nagar, New Delhi",77.1306799,28.6489773,"Lucknowi, Biryani",300.0,Indian Rupees(Rs.),No,No,No,No,1,3.1,Orange,Average,9.0
305040,Uncle's Kabab Point,1,New Delhi,"103-A/1, Sudershan Cinema Road, Gautam Nagar, Hauz Khas, New Delhi",Hauz Khas,"Hauz Khas, New Delhi",77.2120463,28.5639463,"Fast Food, North Indian",350.0,Indian Rupees(Rs.),No,Yes,No,No,1,3.4,Orange,Average,59.0
18486776,Chandu Chat Bhandar,1,Noida,"Amrapali Arcade, Sector 45, Noida, Delhi NCR",Sector 45,"Sector 45, Noida",0.0,0.0,Street Food,150.0,Indian Rupees(Rs.),No,No,No,No,1,0.0,White,Not rated,0.0
20747,India Restaurant,1,Kolkata,"Ground Floor, 1st Floor, 2nd Floor, 34, Karl Marx Sarani, Kidderpore, Kolkata",Kidderpore,"Kidderpore, Kolkata",88.3223365,22.5389989,"Biryani, North Indian, Chinese, Mughlai",800.0,Indian Rupees(Rs.),Yes,Yes,No,No,2,4.6,Dark Green,,1219.0
18378050,Bromfy Public House,1,New Delhi,"Shop 5-8, Pankaj Arcade, Near Fawara Chowk, Rani Bagh, Pitampura, New Delhi",Pitampura,"Pitampura, New Delhi",77.1348248,28.68867,"Continental, Italian, North Indian, Lebanese",1600.0,Indian Rupees(Rs.),No,No,No,No,3,2.8,Orange,Average,27.0
300452,Cabana's Kabab & Curry's,1,New Delhi,"I-1, Kirti Nagar, New Delhi",Kirti Nagar,"Kirti Nagar, New Delhi",77.1466722,,"North Indian, Mughlai, Chinese",450.0,Indian Rupees(Rs.),No,No,No,No,1,3.3,Orange,Average,73.0
18396425,ProFit Kitchen,1,Noida,"Opposite Shani Mandir, Sector 41, Noida",Sector 41,"Sector 41, Noida",77.3592512,28.5614308,Healthy Food,600.0,Indian Rupees(Rs.),,,No,No,2,3.4,Orange,Average,21.0
18352171,Mogambo Kitchen,1,Gurgaon,"Plot 581, Phase 5, Udyog Vihar, Gurgaon",Udyog Vihar,"Udyog Vihar, Gurgaon",77.0834007,28.4978821,North Indian,200.0,Indian Rupees(Rs.),,No,No,No,1,0.0,White,Not rated,0.0
18265716,Food Ka Adda,1,Gurgaon,"Plot 481, Ground Floor, Phase 5, Udyog Vihar, Gurgaon",Udyog Vihar,"Udyog Vihar, Gurgaon",77.0859902,28.4988926,"North Indian, Chinese, South Indian",400.0,Indian Rupees(Rs.),No,No,No,No,1,,White,Not rated,3.0
16668008,Arigato Sushi,37,Yorkton,"14 Second Ave North, Yorkton, SK S3N 1G1",Yorkton,"Yorkton, Yorkton",-102.4613173,51.2106824,Asian,25.0,Dollar($),No,No,No,No,2,3.3,Orange,Average,26.0
18353030,Oh My!,1,Faridabad,"Shop 45, Ground floor, SLF MALL, IP Colony, Sector 30, Faridabad",Sector 30,"Sector 30, Faridabad",0.0,0.0,,300.0,,No,No,No,No,1,0.0,White,Not rated,2.0
5458,Pt. Gaya Prasad Shiv Charan Paranthe Wale,1,New Delhi,"34, Gali Paranthe Wali, Chandni Chowk, New Delhi",Chandni Chowk,"Chandni Chowk, New Delhi",77.2304115,28.6561011,North Indian,150.0,Indian Rupees(Rs.),No,No,No,No,1,3.6,Yellow,Good,437.0
18241862,The Junkyard Caf��,1,New Delhi,"2nd & 3rd Floor, J-2/12 BK Dutt Market, Rajouri Garden, New Delhi",Rajouri Garden,"Rajouri Garden, New Delhi",77.1195347,28.6473261,"North Indian, Mediterranean, Asian",1400.0,Indian Rupees(Rs.),Yes,No,No,No,3,3.8,Yellow,Good,305.0
3972,Khalsa,1,New Delhi,"50 & 51, New Janta Market, Club Road, Paschim Puri Chowk, Punjabi Bagh, New Delhi",Punjabi Bagh,"Punjabi Bagh, New Delhi",,28.66676065,North Indian,550.0,Indian Rupees(Rs.),No,Yes,No,No,2,2.7,Orange,Average,55.0
2700008,Jungli Moon Dance Restaurant,1,Ranchi,"4th Floor, Shree Nand Bhawan, Near Income Tax Office, Main Road, Kanka, Ranchi",Kanka,"Kanka, Ranchi",85.32573056,23.35105833,"North Indian, South Indian, Chinese",500.0,Indian Rupees(Rs.),No,No,No,No,2,3.1,Orange,Average,26.0
2565,Sethi's Delicacy,1,Faridabad,"9 & 10, Main Market, Sector 15, Faridabad",Sector 15,"Sector 15, Faridabad",77.3244651,28.3950376,"Fast Food, Bakery",150.0,Indian Rupees(Rs.),No,No,No,No,1,3.8,Yellow,Good,75.0
311421,Lucky's Bakery and Patisserie,1,New Delhi,"2/80, Club Road, West Punjabi Bagh, Punjabi Bagh, New Delhi",Punjabi Bagh,"Punjabi Bagh, New Delhi",77.12720487,28.66594841,"Bakery, Desserts",400.0,Indian Rupees(Rs.),No,Yes,No,No,1,3.9,Yellow,Good,89.0
310803,Bablu Kabab Shop,1,New Delhi,"Shop 42, DDA Market, Near Taxi Stand, Ashok Vihar Phase 3, New Delhi",Ashok Vihar Phase 3,"Ashok Vihar Phase 3, New Delhi",77.1781273,28.6919464,"North Indian, Mughlai",500.0,Indian Rupees(Rs.),No,No,No,No,2,3.1,Orange,Average,10.0
4376,Tea Lounge - The Ashok,1,New Delhi,"The Ashok, 50-B, Kautilya Marg, Diplomatic Enclave, Chanakyapuri, New Delhi","The Ashok, Chanakyapuri","The Ashok, Chanakyapuri, New Delhi",77.1960071,28.5969975,Cafe,99999.0,Indian Rupees(Rs.),No,No,No,No,3,3.2,Orange,Average,18.0
18034079,Tpot,1,Noida,"A-14, Eco Towers, Sector 125, Noida",Sector 125,"Sector 125, Noida",77.3306028,28.5445167,Cafe,400.0,Indian Rupees(Rs.),No,Yes,No,No,1,3.6,Yellow,Good,20.0
18279913,Tasha's Artisan Foods,1,Gurgaon,"E-15, Greenwoods City, Sector 45, Gurgaon Near Sector 45",Sector 45,"Sector 45, Gurgaon",77.0593546,28.4447042,"Bakery, Desserts",500.0,Indian Rupees(Rs.),No,No,No,No,1,3.2,,Average,10.0
18423867,Aggarwal Sweet India,1,New Delhi,"A1/1, West Jyoti Nagar, Bhairon Baba Market, Durgapuri Chowk, Shahdara, New Delhi",Shahdara,"Shahdara, New Delhi",77.291919,28.6896366,"Mithai, Fast Food",300.0,Indian Rupees(Rs.),No,No,No,No,1,0.0,White,Not rated,1.0
18465802,Aradhya Restaurant,1,New Delhi,"Shop 50, Gali 1, Saiyadulajab, Saket, New Delhi",Saket,"Saket, New Delhi",77.19819423,28.51751975,"Chinese, North Indian",200.0,Indian Rupees(Rs.),No,No,No,No,1,0.0,White,Not rated,0.0
18014129,Hungry Ullu,1,Noida,"Main Market, Sector 50, Noida",Sector 50,"Sector 50, Noida",77.3640969,28.56872955,Fast Food,500.0,Indian Rupees(Rs.),No,Yes,No,No,2,3.3,Orange,Average,
8074,Saheb's Restaurant,1,Noida,"3, I-25, Sector 12, Noida",Sector 12,"Sector 12, Noida",77.3378109,28.5969146,"North Indian, Chinese, Mughlai, Fast Food",,Indian Rupees(Rs.),No,No,No,No,2,2.7,Orange,Average,26.0
9565,Flavours of Tibet,1,New Delhi,"70-D, 1st Floor, Humayunpur Chowk, Safdarjung Enclave, Safdarjung, New Delhi",Safdarjung,"Safdarjung, New Delhi",77.19393991,28.56177343,"Tibetan, Chinese",500.0,Indian Rupees(Rs.),No,Yes,No,No,2,3.3,Orange,Average,141.0
18433297,China Pan,1,New Delhi,"16 A, Ward 1, LIC Building, Mehrauli, New Delhi",Mehrauli,"Mehrauli, New Delhi",77.190347,28.5265467,"Chinese, Fast Food",200.0,Indian Rupees(Rs.),No,No,No,No,1,0.0,White,Not rated,0.0
308905,Annapurna Caters,1,New Delhi,"17/30, Aashirwad Complex, Tilak Nagar, New Delhi",Tilak Nagar,"Tilak Nagar, New Delhi",,28.6376488,North Indian,200.0,Indian Rupees(Rs.),No,No,No,No,1,0.0,White,Not rated,2.0
18336212,Zizo,1,Noida,"405-406, 3rd Floor, DLF Mall Of India, Sector 18, Noida","DLF Mall of India, Sector 18,  Noida","DLF Mall of India, Sector 18,  Noida, Noida",77.32097905,28.56646341,"Lebanese, Mediterranean, Middle Eastern, Arabian",1600.0,Indian Rupees(Rs.),,Yes,No,No,3,3.8,Yellow,Good,67.0
18420424,South Indian Food Plaza,1,New Delhi,"6/2, D Block Market, Opposite Arwachin School, Vivek Vihar, New Delhi",Vivek Vihar,"Vivek Vihar, New Delhi",77.31824689,28.66696569,South Indian,250.0,Indian Rupees(Rs.),No,No,No,No,1,0.0,White,Not rated,0.0
3300369,Eat Street Express,1,Nagpur,"Shraddhanandpeth Square, Opposite A-Square Building, Abhyankar Road, Near, Bajaj Nagar, Nagpur",Bajaj Nagar,"Bajaj Nagar, Nagpur",79.05922417,21.12499944,"North Indian, Chinese",,Indian Rupees(Rs.),No,Yes,No,No,2,4.0,Green,Very Good,103.0
18373071,Jugmug Thela,1,New Delhi,"Shed 4, Khasra 258, Behind Kuldeep House, Lane 3, Westend Marg, Saidulajab, Saket, New Delhi",Saket,"Saket, New Delhi",77.199805,28.517316,,200.0,Indian Rupees(Rs.),No,No,No,No,1,3.8,Yellow,Good,50000.0
6901062,The Warehouse Cafe,215,,"54-57 Allison Street, Digbeth, Birmingham B5 5TH",Digbeth,"Digbeth, Birmingham",-1.890569,52.477388,"British, Cafe",20.0,Pounds(��),No,No,No,No,2,,Yellow,Good,38.0
301532,Mughal Chic Inn,1,New Delhi,"Near Petrol Pump, Hatoda Ram Park, Main, Lawrence Road, New Delhi",Lawrence Road,"Lawrence Road, New Delhi",77.1580879,28.6862629,"Mughlai, North Indian",600.0,Indian Rupees(Rs.),No,No,No,No,2,3.3,Orange,Average,23.0
230,Domino's Pizza,1,Gurgaon,"4-C, Ground Floor, Omaxe Gurgaon Mall, Sohna Road, Gurgaon",Omaxe Gurgaon Mall,"Omaxe Gurgaon Mall, Gurgaon",77.0431785,28.4113952,"Pizza, Fast Food",700.0,Indian Rupees(Rs.),No,No,No,No,2,2.4,Red,Poor,112.0
18458315,KD's Hunger Point,1,Noida,"Shop 1A, Hansraj Complex, Sector 31, Noida",Sector 31,"Sector 31, Noida",0.0,0.0,"North Indian, Chinese",200.0,Indian Rupees(Rs.),No,No,No,No,1,3.7,Yellow,Good,49.0
6318506,Ooma,162,,"Third Floor, Mega Fashion Hall, SM Megamall, Ortigas, Mandaluyong City","SM Megamall, Ortigas, Mandaluyong City","SM Megamall, Ortigas, Mandaluyong City, Mandaluyong City",121.056475,14.585318,"Japanese, Sushi",1500.0,Botswana Pula(P),No,No,No,No,4,4.9,,Excellent,365.0
18396412,CHA,1,Gurgaon,"Shop 99, HUDA Market, Sector 32, Near Sector 31, Gurgaon",Sector 31,"Sector 31, Gurgaon",-999.0,-999.0,"Beverages, Fast Food",200.0,Indian Rupees(Rs.),No,No,No,No,1,3.2,Orange,Average,7.0
201,Domino's Pizza,1,New Delhi,"18/27, East Patel Nagar Market, East Patel Nagar, New Delhi",East Patel Nagar,"East Patel Nagar, New Delhi",77.1726202,28.6453402,"Pizza, Fast Food",700.0,Indian Rupees(Rs.),No,No,No,No,2,3.5,Yellow,Good,119.0
18425771,Letz Roll,1,New Delhi,"Narmada Shopping Complex, Opposite Don Bosco School, Alaknanda, New Delhi",Alaknanda,"Alaknanda, New Delhi",77.2468466,28.5278902,"Ice Cream, Desserts",250.0,Indian Rupees(Rs.),No,No,No,No,1,3.6,Yellow,Good,14.0
9855,Hirdesh Eating Point,1,New Delhi,"Main Market, Near Eating Point, Shakarpur, New Delhi",Shakarpur,"Shakarpur, New Delhi",,28.6296634,North Indian,200.0,Indian Rupees(Rs.),No,No,No,No,1,,White,Not rated,1.0
2595,Kolkata Biryani House,1,New Delhi,"Shop 49, Ground Floor, Market 1, Chittaranjan Park, New Delhi",Chittaranjan Park,"Chittaranjan Park, New Delhi",77.24887993,28.54032355,"North Indian, Mughlai, Biryani",150000.0,Indian Rupees(Rs.),No,Yes,No,No,2,3.4,Orange,Average,404.0
2800881,Plot 17,1,Vizag,"Plot 17, Gangapur Layout, Siripuram, Vizag",Siripuram,"Siripuram, Vizag",83.31528135,17.7195395,"Burger, Pizza, Biryani",600.0,Indian Rupees(Rs.),,No,No,No,2,4.3,Green,Very Good,172.0
18281981,Food Brigade,1,Noida,"1, Ground Floor, Unit A-13/2,3,4  Highway Tower 1, Near Jaypee College, Sector 62, Noida",Sector 62,"Sector 62, Noida",77.37389041,28.62840758,"North Indian, South Indian, Chinese, Fast Food",300.0,Indian Rupees(Rs.),No,No,No,No,1,3.2,Orange,Average,15.0
18357568,Chicken Point,1,New Delhi,"Shop 81, Ring Road Market, Sarojini Nagar, New Delhi",Sarojini Nagar,"Sarojini Nagar, New Delhi",77.1936712,28.5699787,"Mughlai, North Indian",600.0,Indian Rupees(Rs.),No,No,No,No,2,0.0,White,Not rated,0.0
18237941,Pind Balluchi,1,Gurgaon,"112/112-A, 1st Floor, ILD Trade Centre, Near Subhash Chowk, Sohna Road, Gurgaon"," ILD Trade Centre Mall, Sohna Road"," ILD Trade Centre Mall, Sohna Road, Gurgaon",77.0392204,,"North Indian, Mughlai",800.0,Indian Rupees(Rs.),,Yes,No,No,2,2.7,Orange,Average,80.0
310468,The Biryani Hut,1,New Delhi,"4/64, Double Storey, Jangpura Extension, Jangpura, New Delhi",Jangpura,"Jangpura, New Delhi",77.2473854,,Biryani,400.0,Indian Rupees(Rs.),No,No,No,No,1,2.9,,Average,5.0
18271459,JUGAAD JN.,1,Bhubaneshwar,"KIIT Road, Opposite SBI, Patia, Bhubaneshwar",Patia,"Patia, Bhubaneshwar",85.82225987,20.35348061,"North Indian, Rajasthani",300.0,Indian Rupees(Rs.),No,No,No,No,1,4.1,Green,Very Good,199.0
4910,Le Cirque - The Leela Palace,1,New Delhi,"The Leela Palace, Diplomatic Enclave, Chanakyapuri, New Delhi","The Leela Palace, Chanakyapuri","The Leela Palace, Chanakyapuri, New Delhi",77.1889752,28.5793901,"French, Italian",5000.0,,Yes,,No,No,4,3.8,Yellow,Good,199.0
309979,Green Chick Chop,1,New Delhi,"13/2, Ward 1, LIC Road, Near Bhool Bhulia, Mehrauli, New Delhi",Mehrauli,"Mehrauli, New Delhi",77.1814052,28.5228127,"Raw Meats, North Indian, Fast Food",350.0,Indian Rupees(Rs.),No,No,No,No,1,3.0,Orange,Average,7.0
18337762,Royal Cakes,1,New Delhi,"Near Seva Nagar Sabji Mandi, South Extension 1, New Delhi",South Extension 1,"South Extension 1, New Delhi",77.224753,28.5759899,Bakery,200000.0,Indian Rupees(Rs.),No,No,No,No,1,0.0,White,Not rated,1.0
5915547,Karak�_y G�_ll�_o��lu,208,��stanbul,"Kemanke�� Karamustafa Pa��a Mahallesi, R۱ht۱m Caddesi, Katl۱ Otopark Alt۱, No 4, Beyo��lu, ��stanbul",Karak�_y,"Karak�_y, ��stanbul",28.97763569,41.02290443,"Desserts, B�_rek",40.0,Turkish Lira(TL),No,No,No,No,2,4.7,Dark Green,Excellent,1305.0
18249097,Midnight Adda,1,New Delhi,"East Punjabi Bagh, Moti Nagar, New Delhi",Moti Nagar,"Moti Nagar, New Delhi",77.139708,28.6594663,North Indian,600.0,Indian Rupees(Rs.),No,No,No,No,2,3.0,Orange,Average,
18273614,Chakhlo Food Court,1,New Delhi,"83, Ground Floor, Mall Road, Delhi University-GTB Nagar, New Delhi",Delhi University-GTB Nagar,"Delhi University-GTB Nagar, New Delhi",77.2058893,,"North Indian, South Indian, Chinese, Street Food, Fast Food",300.0,Indian Rupees(Rs.),No,No,No,No,1,2.6,Orange,Average,45.0
5296,Chhabra Sweets,1,New Delhi,"26, Central Market, Ashok Vihar Phase 1, New Delhi",Ashok Vihar Phase 1,"Ashok Vihar Phase 1, New Delhi",77.1723764,28.6939921,Mithai,,Indian Rupees(Rs.),No,No,No,No,1,2.4,Red,,15.0
18273972,Magadh and Awadh,1,Gurgaon,"SCO 396, Near IFFCO Chowk Metro Station, Sector 29, Gurgaon",Sector 29,"Sector 29, Gurgaon",77.0716014,28.4723195,"Bihari, Lucknowi, North Indian",1200.0,Indian Rupees(Rs.),Yes,Yes,No,No,3,6.5,Green,,226.0
18356800,BarShala,1,New Delhi,"4, New Delhi Airport Express Mall, Opposite New Delhi Railway Station, Ajmeri Gate, Near Paharganj, New Delhi",Paharganj,"Paharganj, New Delhi",77.224386,28.641786,Finger Food,600.0,Indian Rupees(Rs.),No,No,No,No,2,3.1,Orange,Average,
18311961,Kukkuu Da Dhaba,1,New Delhi,"Shop 90A, Road 4, Gali 7, Near Anand Lok Inn, Mahipalpur, New Delhi",Mahipalpur,"Mahipalpur, New Delhi",0.0,0.0,North Indian,400.0,Indian Rupees(Rs.),No,No,No,No,1,0.0,White,Not rated,3.0
18464054,Republic Of Food Lovers,1,New Delhi,"Shop 20, Sainik Vihar Market, Pitampura, New Delhi",Pitampura,"Pitampura, New Delhi",0.0,0.0,Fast Food,400.0,Indian Rupees(Rs.),No,No,No,No,1,,Yellow,Good,27.0
307140,Tasty Bite,1,New Delhi,"A-72/183, Gulab Bagh, Main Najafgarh Road, Uttam Nagar, New Delhi",Uttam Nagar,"Uttam Nagar, New Delhi",77.0386806,28.620035,"North Indian, Chinese",650.0,Indian Rupees(Rs.),No,Yes,No,No,2,6.5,Orange,Average,12.0
2702,The Tea Lounge - Taj Palace Hotel,1,New Delhi,"Taj Palace Hotel, Diplomatic Enclave, Chanakyapuri, New Delhi","The Taj Palace Hotel, Chanakyapuri","The Taj Palace Hotel, Chanakyapuri, New Delhi",77.1703995,28.5945492,Cafe,1500.0,Indian Rupees(Rs.),No,No,No,No,3,4.0,Green,Very Good,76.0
18144457,Haaochi,1,Noida,"Gurukripa Bhawan, Sector 53, Noida",Sector 53,"Sector 53, Noida",77.3631735,28.5878465,Chinese,600.0,Indian Rupees(Rs.),No,Yes,No,No,2,3.5,Yellow,Good,123.0
18265384,Zoe,1,Gurgaon,"T-24, Cyber Green, DLF Phase 3, Gurgaon",DLF Phase 3,"DLF Phase 3, Gurgaon",77.08978873,28.49488428,,,Indian Rupees(Rs.),No,Yes,No,No,2,4.3,Green,,217.0
301677,Rahul Eggs,1,New Delhi,"B-4/300 A, Main Road, Near Keshavpuram Metro Station, Near, Lawrence Road, New Delhi",Lawrence Road,"Lawrence Road, New Delhi",77.1627161,28.68711,"Fast Food, South Indian",400.0,Indian Rupees(Rs.),No,No,No,No,1,4.2,Green,Very Good,762.0
4330,Gupta's Rasoi,1,New Delhi,"B-6, Commercial Market, Safdarjung Enclave, Safdarjung, New Delhi",Safdarjung,"Safdarjung, New Delhi",77.19629455,28.558874,North Indian,,Indian Rupees(Rs.),No,Yes,No,No,1,2.8,Orange,,60.0
619,Cafe Coffee Day - The Lounge,1,New Delhi,"Peary Lal and Sons, 42, Janpath, New Delhi",Janpath,"Janpath, New Delhi",77.22028926,28.62642941,Cafe,750.0,Indian Rupees(Rs.),No,No,No,No,2,3.3,Orange,Average,81.0
18435289,Domino's Pizza,1,New Delhi,"Palate of Delhi, Dhaula Kuan Metro Station, Chanakyapuri, New Delhi","Palate of Delhi, Chanakyapuri","Palate of Delhi, Chanakyapuri, New Delhi",77.1622219,28.5921535,,700.0,Indian Rupees(Rs.),No,,No,No,2,,White,Not rated,0.0
18450749,Engineers Da Dhaba,1,Noida,"Shop 2, Street 1, Aghapur, Sector 41, Noida",Sector 41,"Sector 41, Noida",77.36013662,28.56132431,North Indian,400.0,Indian Rupees(Rs.),No,Yes,No,No,1,3.6,Yellow,Good,38.0
130230,Curlies,1,Goa,"Anjuna Beach, Anjuna, Goa","Anjuna Beach, Anjuna","Anjuna Beach, Anjuna, Goa",73.74229444,15.5696,"Continental, North Indian, Italian, Seafood, Goan",1500.0,Indian Rupees(Rs.),No,No,No,No,4,3.5,Yellow,Good,1681.0
8931,Go Kylin,1,Gurgaon,"Golf Course Road, Gurgaon",Golf Course Road,"Golf Course Road, Gurgaon",77.09865443,28.43823059,"Japanese, Chinese, Asian, Malaysian, Thai, Vietnamese",1500.0,Indian Rupees(Rs.),No,Yes,No,No,3,3.5,Yellow,Good,81.0
18383513,Volt - By Plan B,1,Gurgaon,"Moulsari Road, Near Moulsari Arcade, DLF Phase 3, Gurgaon",DLF Phase 3,"DLF Phase 3, Gurgaon",77.1021761,28.4957118,"Mediterranean, Mughlai, Thai, North Indian, Chinese",1000.0,Indian Rupees(Rs.),Yes,No,No,No,3,3.5,Yellow,Good,19.0
18303709,Burma Burma,1,Gurgaon,"Ground Floor, Shop 6, Building 8, Tower C, Cyber Hub, DLF Cyber City, Gurgaon","Cyber Hub, DLF Cyber City","Cyber Hub, DLF Cyber City, Gurgaon",77.0887329,28.4946295,"Asian, Burmese",1500.0,Indian Rupees(Rs.),Yes,No,No,No,3,4.6,Dark Green,Excellent,563.0
311383,Mitra Da Dhaba,1,New Delhi,"J-424, New Rajinder Nagar, Rajinder Nagar, New Delhi",Rajinder Nagar,"Rajinder Nagar, New Delhi",77.1788585,28.6389356,North Indian,350.0,Indian Rupees(Rs.),No,Yes,No,No,1,2.8,Orange,Average,55.0
18144466,Shivas Cafe,1,,"10, Opposite College of Vocational Studies, DDA Market, Phase 2, Sheikh Sarai, New Delhi",Sheikh Sarai,"Sheikh Sarai, New Delhi",77.181974,28.5222793,Cafe,350.0,Indian Rupees(Rs.),No,No,No,No,1,,,Average,14.0
18279453,Celeste,1,New Delhi,"48, Mehar Chand Market, Lodhi Colony, New Delhi",Lodhi Colony,"Lodhi Colony, New Delhi",77.2264595,28.5852944,"Cafe, Desserts, Bakery",500.0,Indian Rupees(Rs.),No,No,No,No,2,3.5,Yellow,,14.0
7287,Crazy Cow,1,New Delhi,"H-37, Main Market, Rajouri Garden, New Delhi",Rajouri Garden,"Rajouri Garden, New Delhi",77.1214101,28.6449319,Chinese,600.0,Indian Rupees(Rs.),,Yes,No,No,2,2.2,Red,Poor,126.0
4000222,Sri Basant Vihar,1,Patna,"Maurya Lok Complex, Fraser Road Area, Patna","Maurya Lok, Fraser Road Area","Maurya Lok, Fraser Road Area, Patna",85.13407222,25.61011389,"North Indian, Fast Food",600.0,Indian Rupees(Rs.),No,No,No,No,2,3.6,Yellow,Good,75.0
18349508,OMG Tiffinz,1,Gurgaon,"1797, Gate 3, Opposite Block D-10, Sector 52, Ardee City, Gurgaon",Ardee City,"Ardee City, Gurgaon",77.0728605,28.4371161,"North Indian, Chinese",250.0,Indian Rupees(Rs.),No,No,No,No,1,0.0,,Not rated,0.0
306264,Kabooze,1,New Delhi,"M-4, Greater Kailash (GK) 2, New Delhi",Greater Kailash (GK) 2,"Greater Kailash (GK) 2, New Delhi",77.2432885,28.5343238,"North Indian, Chinese, Continental",1900.0,Indian Rupees(Rs.),Yes,Yes,No,No,3,3.3,,Average,148.0
1614,Big Chill,1,New Delhi,"68-A, Khan Market, New Delhi",Khan Market,"Khan Market, New Delhi",77.2274475,28.6006239,"Italian, Continental, European, Cafe",1500.0,Indian Rupees(Rs.),No,No,No,No,3,4.5,Dark Green,,4986.0
18332869,London Street Kitchen,1,New Delhi,"4A-59, Old, Rajinder Nagar, New Delhi",Rajinder Nagar,"Rajinder Nagar, New Delhi",,28.6373909,"North Indian, Mughlai, Chinese",600.0,Indian Rupees(Rs.),Yes,Yes,No,No,2,4.2,Green,Very Good,163.0
18241893,Hyderabad Spl. Chicken Biryani Point,1,New Delhi,"Batra Cinema Complex, Mukherjee Nagar, New Delhi",Mukherjee Nagar,"Mukherjee Nagar, New Delhi",77.2151578,28.7105973,Mughlai,350.0,Indian Rupees(Rs.),No,No,No,No,1,3.0,Orange,Average,4.0
2044,Haldiram Bhujiawala,1,New Delhi,"A-94/5, Industrial Area, Wazirpur, New Delhi",Wazirpur,"Wazirpur, New Delhi",77.1586101,28.7003198,"Street Food, North Indian, South Indian, Mithai",400.0,Indian Rupees(Rs.),No,No,No,No,1,3.4,Orange,Average,35.0
307169,Laxmi Corner,1,New Delhi,"Outside Tamil Sangam Building, R K Puram, New Delhi",R K Puram,"R K Puram, New Delhi",77.1779027,28.5644842,North Indian,150.0,Indian Rupees(Rs.),No,No,No,No,1,3.0,Orange,Average,5.0
3100017,Sagar Ratna,1,Mangalore,"Hotel Ocean Pearl, KS Rao Road, Near PVS Circle, Kodailbail, Mangalore","The Ocean Pearl, Kodailbail","The Ocean Pearl, Kodailbail, Mangalore",74.84048333,12.87505833,"South Indian, North Indian, Chinese",500.0,Indian Rupees(Rs.),No,No,No,No,2,3.7,Yellow,Good,175.0
18222577,CG's - Lounge Cafe Bar,1,,"A-4, 1st Floor, Vishal Enclave, Rajouri Garden, New Delhi",Rajouri Garden,"Rajouri Garden, New Delhi",77.1193141,28.6476107,"Continental, North Indian",,Indian Rupees(Rs.),Yes,No,No,No,3,3.9,Yellow,Good,88.0
8959,Asian Haus,1,New Delhi,"76/2, Near Iskcon Temple, Sant Nagar, East of Kailash, New Delhi",East of Kailash,"East of Kailash, New Delhi",77.25135762,28.55602603,"Chinese, Thai, Asian, Malaysian, Vietnamese, Japanese",1500.0,Indian Rupees(Rs.),No,Yes,No,No,3,4.1,Green,Very Good,686.0
311836,The Midnight Heroes,1,New Delhi,"Central Market, Punjabi Bagh, New Delhi",Punjabi Bagh,"Punjabi Bagh, New Delhi",77.13307187,28.67056226,"North Indian, Biryani, Chinese, Fast Food",950.0,Indian Rupees(Rs.),No,Yes,Yes,No,2,3.6,Yellow,Good,203.0
306733,Aggarwal Sweet Centre,1,New Delhi,"Main Road, Kailashpuri, Palam, New Delhi",Palam,"Palam, New Delhi",77.0830226,28.6054188,North Indian,150.0,Indian Rupees(Rs.),No,No,No,No,1,0.0,White,Not rated,2.0
18424206,Shiva Shudh Shakahari Bhojnalaya,1,Noida,"Near Hero Show Room, Main Road, Sector 62, Noida",Sector 62,"Sector 62, Noida",77.3550388,28.6220057,North Indian,200.0,Indian Rupees(Rs.),No,No,No,No,1,0.0,White,Not rated,0.0
4716,Baskin Robbins,1,New Delhi,"BN Block, Shopping Complex, Shalimar Bagh, New Delhi",Shalimar Bagh,"Shalimar Bagh, New Delhi",77.1626712,28.706493,Ice Cream,,Indian Rupees(Rs.),No,No,No,No,1,3.4,Orange,Average,21.0
9622,Vatika,1,New Delhi,"A-373/435, Kalkaji, New Delhi",Kalkaji,"Kalkaji, New Delhi",77.24925745,28.54313277,"North Indian, Mughlai",550.0,Indian Rupees(Rs.),No,,No,No,2,2.7,Orange,Average,
307060,The Beer Cafe - BIGGIE,1,New Delhi,"D-2, Inner Circle, Connaught Place, New Delhi",Connaught Place,"Connaught Place, New Delhi",77.2208008,28.6339511,"Finger Food, North Indian, Italian",1250.0,Indian Rupees(Rs.),Yes,No,No,No,3,3.8,,Good,645.0
9835,Samavar,1,New Delhi,"B-36, Pamposh Enclave, Greater Kailash (GK) 1, New Delhi",Greater Kailash (GK) 1,"Greater Kailash (GK) 1, New Delhi",77.2440227,28.5462678,"Kashmiri, Chinese, Mughlai",800.0,Indian Rupees(Rs.),Yes,Yes,No,No,2,3.3,Orange,,89.0
18198821,Ram Ji Snacks & Food Corner,1,New Delhi,"8/1, Subhash Nagar, New Delhi",Subhash Nagar,"Subhash Nagar, New Delhi",77.1183778,28.636237,Street Food,100.0,Indian Rupees(Rs.),No,No,No,No,1,0.0,White,Not rated,1.0
7388,Chinese Food,1,New Delhi,"92/G1, Ground Floor, Outer Ring Road, Pratap Market, Munirka, New Delhi",Munirka,"Munirka, New Delhi",999.0,999.0,"Fast Food, Street Food, Chinese",250.0,Indian Rupees(Rs.),No,No,No,No,1,2.9,Orange,Average,8.0
18333392,Chetana Bakes,1,New Delhi,"Vikaspuri, New Delhi",Vikaspuri,"Vikaspuri, New Delhi",77.0701624,28.6445722,Bakery,400.0,Indian Rupees(Rs.),No,No,No,No,1,3.0,Orange,Average,6.0
18433895,Cravings,1,Faridabad,"Shop 6, SCO C-3166, Lower Ground Floor, Pujara Complex, Green Fields Colony, Sector 41, Faridabad",Sector 41,"Sector 41, Faridabad",77.28759091,28.46626355,"North Indian, Mughlai, Chinese",500.0,Indian Rupees(Rs.),No,No,No,No,2,3.0,Orange,Average,4.0
18276997,Mogli's Coffee,1,Gurgaon,"Shop 219, 2nd Floor, DLF City Center Mall, MG Road, Gurgaon","DT City Centre Mall, MG Road","DT City Centre Mall, MG Road, Gurgaon",77.08076142,28.47907544,Cafe,150.0,Indian Rupees(Rs.),,No,No,No,1,3.8,Yellow,Good,35.0
6317637,Le Petit Souffle,162,Makati City,"Third Floor, Century City Mall, Kalayaan Avenue, Poblacion, Makati City","Century City Mall, Poblacion, Makati City","Century City Mall, Poblacion, Makati City, Makati City",121.027535,14.565443,"French, Japanese, Desserts",1100.0,Botswana Pula(P),Yes,No,No,No,3,,Dark Green,Excellent,314.0
305646,Whipped,1,New Delhi,"3, Defence Colony Market, Near Citibank, Defence Colony, New Delhi",Defence Colony,"Defence Colony, New Delhi",77.230142,28.5739038,"Bakery, Desserts",,Indian Rupees(Rs.),No,Yes,No,No,2,4.2,Green,Very Good,372.0
17621832,Milwaukee Wiener House,216,Sioux City,"301 Douglas St, Sioux City, IA 51101",Sioux City,"Sioux City, Sioux City",-96.4063904,42.4930681,,10.0,Dollar($),No,No,No,No,1,3.8,Yellow,,195.0
303643,Shri Duli Chand Naresh Gupta,1,New Delhi,"934, Kucha Pati Ram, Sitaram Bazar, Chandni Chowk, New Delhi",Chandni Chowk,"Chandni Chowk, New Delhi",77.2269535,28.6476635,Desserts,100.0,Indian Rupees(Rs.),No,,No,No,1,3.4,Orange,Average,18.0
9550,Pahariya Chicken,1,New Delhi,"C-5, Tilak Market, Ramesh Nagar, Kirti Nagar, New Delhi",Kirti Nagar,"Kirti Nagar, New Delhi",77.1306672,,North Indian,450.0,Indian Rupees(Rs.),No,No,No,No,1,2.7,Orange,Average,15.0
18289241,Dancing Turkeys,1,Gurgaon,"Shop 8-10, Samaspur Market, Sector 51, Tigra Road, Near Sector 50, Gurgaon",Sector 50,"Sector 50, Gurgaon",77.0710139,28.4477683,Continental,800.0,Indian Rupees(Rs.),No,No,No,No,2,3.3,Orange,,17.0
306028,My Spice Kitchen,1,New Delhi,"51, Market 1, Chittaranjan Park, New Delhi",Chittaranjan Park,"Chittaranjan Park, New Delhi",77.2487359,28.5403982,,650.0,Indian Rupees(Rs.),No,Yes,No,No,2,3.5,Yellow,Good,443.0
18354992,KT's Shik-Shack,1,New Delhi,"F-92, Hanuman Market, Munirka, New Delhi",Munirka,"Munirka, New Delhi",77.1730086,28.5567681,Street Food,200.0,Indian Rupees(Rs.),No,No,No,No,1,0.0,White,Not rated,1.0
18322609,Remember Me Caf��,1,New Delhi,"JP House, 1st Floor, 118, Near Asain Games Village, Shahpur Jat, New Delhi",Shahpur Jat,"Shahpur Jat, New Delhi",77.2155653,28.5498307,"Cafe, Continental, Italian, Mexican",1000.0,Indian Rupees(Rs.),Yes,Yes,No,No,3,4.0,Green,Very Good,134.0
311533,Cafe Green Apple,1,Noida,"A-41, The Corenthum Tower, Sector 62, Noida",Sector 62,"Sector 62, Noida",,28.6274956,"North Indian, South Indian, Fast Food",400.0,Indian Rupees(Rs.),No,,No,No,1,,Orange,Average,16.0
18421485,Bikaner Restaurant,1,New Delhi,"Shop 264, Near Hakikat Nagar, Mukherjee Nagar, New Delhi",Mukherjee Nagar,"Mukherjee Nagar, New Delhi",77.2081351,28.699566,North Indian,100.0,Indian Rupees(Rs.),No,No,No,No,1,0.0,White,Not rated,0.0
18291227,DudeFood,1,Noida,"Village Gijhor, Near Mithas, Sharma Complex, Sector 53, Noida",Sector 53,"Sector 53, Noida",77.3597643,28.5895874,North Indian,350.0,Indian Rupees(Rs.),No,No,No,No,1,0.0,White,Not rated,2.0
18216913,Bikkgane Biryani,1,Noida,"G-24, Gautam Buddha Nagar, Sector 18, Noida",Sector 18,"Sector 18, Noida",77.32443139,28.57013969,"Biryani, North Indian, Hyderabadi",800.0,Indian Rupees(Rs.),Yes,Yes,No,No,2,3.8,Yellow,Good,612.0
4271,H�_agen-Dazs,1,New Delhi,"E-4W, Ground Floor, Select Citywalk Mall, Saket, New Delhi","Select Citywalk Mall, Saket","Select Citywalk Mall, Saket, New Delhi",77.219309,28.529136,"Desserts, Ice Cream",700.0,Indian Rupees(Rs.),No,No,No,No,2,4.0,,Very Good,649.0
307075,Republic of Chicken,1,New Delhi,"100, Old Rajinder Nagar Market, Near UCO Market, Rajinder Nagar, New Delhi",Rajinder Nagar,"Rajinder Nagar, New Delhi",77.1849192,28.6406889,"Raw Meats, Fast Food",400.0,Indian Rupees(Rs.),No,No,No,No,1,2.8,Orange,Average,33.0
301190,Subway,1,New Delhi,"1/3, E Block, Main Road, Malviya Nagar, New Delhi",Malviya Nagar,"Malviya Nagar, New Delhi",77.2095102,28.534046,"American, Fast Food, Salad, Healthy Food",500.0,Indian Rupees(Rs.),No,Yes,No,No,2,2.8,Orange,Average,183.0
18466800,Chef Sack Kitchen,1,Gurgaon,"Khasra 3898/3173, Basement, Opposite Shubh Vatika, Atul Kataria Chowk, Sector-12A, Near, Sector 14, Gurgaon",Sector 14,"Sector 14, Gurgaon",0.0,0.0,"Mexican, Lebanese, Italian, Continental, Thai",500.0,Indian Rupees(Rs.),No,No,No,No,2,3.1,Orange,Average,7.0
3300057,Ten Downing Street Restaurant & Bar,1,Nagpur,"5th Floor, Milestone Building, Wardha Road, Ramdaspeth, Nagpur",Ramdaspeth,"Ramdaspeth, Nagpur",79.07851763,21.13672376,"Chinese, Continental, North Indian",1000.0,Indian Rupees(Rs.),No,No,No,No,3,4.0,Green,Very Good,306.0
3100143,Kobe Sizzlers,1,Mangalore,"G-1, Parin Tower, Collectors Gate Circle, Balmatta Road, Balmatta, Mangalore",Balmatta,"Balmatta, Mangalore",74.85209855,12.87334761,"Continental, American",,Indian Rupees(Rs.),,No,No,No,3,3.7,Yellow,Good,104.0
18352271,Lavi Foji Dhaba,1,Gurgaon,"Shop 4, B Block, Vicky Market, Ardee City, Gurgaon",Ardee City,"Ardee City, Gurgaon",77.081492,28.4406523,,200.0,Indian Rupees(Rs.),No,No,No,No,1,0.0,White,Not rated,0.0
18017260,Babu Soup Wala,1,New Delhi,"Near Flyover, Rohtak Road, Nangloi, New Delhi",Nangloi,"Nangloi, New Delhi",77.0681466,28.6818432,North Indian,300.0,Indian Rupees(Rs.),No,No,No,No,1,0.0,White,Not rated,0.0
312275,Royale Bakers,1,Noida,"Commercial Complex, Alpha 1, Greater Noida, Noida",Greater Noida,"Greater Noida, Noida",77.5137941,28.4723057,"Bakery, Fast Food, Desserts",250.0,Indian Rupees(Rs.),,Yes,No,No,1,2.8,Orange,Average,18.0
17061253,Ethos Vegan Kitchen,216,Orlando,"601-B South New York Avenue, Winter Park, FL 32789",Winter Park,"Winter Park, Orlando",-81.352921,28.592857,"American, Breakfast, Vegetarian",25.0,Dollar($),No,No,No,No,2,4.4,,Very Good,797.0
18180081,Let's Tango,1,New Delhi,"Shop C-107, Ground Floor, Green Park, New Delhi",Green Park,"Green Park, New Delhi",0.0,0.0,"North Indian, Fast Food",400.0,Indian Rupees(Rs.),No,No,No,No,1,3.0,Orange,Average,5.0
18201995,Yakooz,1,New Delhi,"C-7, Tilak Market, Major Pankaj Batra Marg, Block 6, Sharda Puri, Ramesh Nagar, Near Kirti Nagar, Kirti Nagar, New Delhi",Kirti Nagar,"Kirti Nagar, New Delhi",77.130674,28.6489739,"Hyderabadi, North Indian",550.0,Indian Rupees(Rs.),No,No,No,No,2,3.1,,Average,20.0
6700,Citrus Cafe - Lemon Tree Premier,1,Gurgaon,"Lemon Tree Premier, 48, Leisure Valley, Sector 29, Gurgaon","Lemon Tree Premier, Sector 29","Lemon Tree Premier, Sector 29, Gurgaon",77.0648668,28.4676295,"North Indian, Continental, Chinese",2000.0,Indian Rupees(Rs.),Yes,No,No,No,4,3.2,Orange,,137.0
305153,Flavours Of Delhi,1,New Delhi,"A-25, KH 393, Near IGI Airport, Mahipalpur, New Delhi",Mahipalpur,"Mahipalpur, New Delhi",77.1250299,28.5472207,"North Indian, Chinese, Fast Food",650.0,Indian Rupees(Rs.),No,No,No,No,2,0.0,White,Not rated,0.0
305652,A W Foods,1,New Delhi,"11, Savitri Cinema Complex, Greater Kailash (GK) 2, New Delhi",Greater Kailash (GK) 2,"Greater Kailash (GK) 2, New Delhi",77.240404,28.541887,North Indian,500.0,Indian Rupees(Rs.),No,No,No,No,2,3.4,Orange,Average,44.0
7547,Ada e Handi Restaurant,1,New Delhi,"141, South Moti Bagh Market, Moti Bagh, New Delhi",Moti Bagh,"Moti Bagh, New Delhi",77.1701749,28.5796973,"Mughlai, North Indian, Chinese",700.0,Indian Rupees(Rs.),No,Yes,No,No,9,2.6,Orange,Average,34.0
18272386,Kamdhenu Family Corner,1,New Delhi,"5469, Opposite Town Hall, Chandni Chowk, New Delhi",Chandni Chowk,"Chandni Chowk, New Delhi",77.2271781,28.6563302,,300.0,Indian Rupees(Rs.),,No,No,No,1,2.8,Orange,Average,4.0
7557,Anil Mishtan Wala,1,New Delhi,"23-24, Defence Colony Market, Defence Colony, New Delhi",Defence Colony,"Defence Colony, New Delhi",77.2298726,28.5732507,"Mithai, Street Food",100.0,Indian Rupees(Rs.),No,No,No,No,1,3.1,Orange,Average,10.0
312448,Baskin Robbins,1,New Delhi,"GG 2/10A, Vikaspuri, New Delhi",Vikaspuri,"Vikaspuri, New Delhi",77.079298,28.6425617,Ice Cream,300.0,Indian Rupees(Rs.),No,No,No,No,1,3.5,Yellow,Good,36.0
18462632,Food Express,1,Noida,"C-94, Sector 10, Noida",Sector 10,"Sector 10, Noida",77.33208809,28.58894661,"North Indian, Mughlai, Chinese",500.0,Indian Rupees(Rs.),No,No,No,No,2,0.0,White,Not rated,2.0
18075122,The Fusion Kitchen,1,Mumbai,"Shop 1, Opposite Veda Building, Near Bhavdevi Garage, Holy Cross Road, IC colony, Borivali West, Mumbai",Borivali West,"Borivali West, Mumbai",72.848923,19.254567,"North Indian, Italian, Chinese, Mexican",1000.0,Indian Rupees(Rs.),Yes,Yes,No,No,3,4.7,Dark Green,,2083.0
306688,Thirsty Scholar Cafe,1,Noida,"SF-256, 2nd Floor, Ansal Plaza Mall, Near Pari Chowk, Greater Noida, Noida","Ansal Plaza Mall, Greater Noida","Ansal Plaza Mall, Greater Noida, Noida",77.5077014,28.4642008,Cafe,450.0,Indian Rupees(Rs.),No,No,No,No,1,3.2,Orange,Average,45.0
20404,Peter Cat,1,Kolkata,"18A, Park Street, Park Street Area, Kolkata",Park Street Area,"Park Street Area, Kolkata",88.352885,22.5526719,"Continental, North Indian",1000.0,Indian Rupees(Rs.),No,Yes,No,No,3,4.3,Green,Very Good,7574.0
18198440,Radha Swami Cool Hut,1,New Delhi,"11/45 B, Gurudwara Rd, Block 11, Tilak Nagar, New Delhi",Tilak Nagar,"Tilak Nagar, New Delhi",77.095013,28.6404001,,200.0,Indian Rupees(Rs.),No,No,No,No,1,3.1,Orange,Average,99999.0
18361211,Prem Chinese Fast Food,1,New Delhi,"Main Dhansa Road, Near Nanak Pyaoo, Najafgarh, New Delhi",Najafgarh,"Najafgarh, New Delhi",76.9654941,28.6090439,Chinese,150.0,Indian Rupees(Rs.),No,No,No,No,1,0.0,White,Not rated,0.0
18291215,Kumar Pav Bhaji Corner,1,New Delhi,"Main Road, Jhilmil Colony, Vivek Vihar, New Delhi",Vivek Vihar,"Vivek Vihar, New Delhi",77.31173314,28.66981271,Fast Food,200.0,Indian Rupees(Rs.),No,No,No,No,1,-1.0,Orange,Average,12.0
18424173,Ahmed's,1,Noida,"Main Market, Near ICICI Bank, Sector 110, Noida",Sector 110,"Sector 110, Noida",77.38754611,28.5337414,Mughlai,200.0,Indian Rupees(Rs.),,No,No,No,1,0.0,White,Not rated,0.0
18429395,Al-Swad,1,Noida,"GH-18, Tradex Tower-2, Alpha 1 Commercial Belt, Greater Noida, Noida",Greater Noida,"Greater Noida, Noida",77.5142421,28.4725268,"North Indian, Chinese",400.0,Indian Rupees(Rs.),No,Yes,No,No,1,,Orange,Average,6.0
6314605,Sodam Korean Restaurant,162,San Juan City,"17 J. Abad Santos Drive, Little Baguio, San Juan City",Little Baguio,"Little Baguio, San Juan City",121.03811,14.59889,Korean,700.0,Botswana Pula(P),No,No,No,No,3,4.3,Green,Very Good,223.0
18217023,Blue Tokai Coffee Roasters,1,New Delhi,"Khasra 258, Lane 3, Westend Marg, Saidulajab, Saket, New Delhi",Saket,"Saket, New Delhi",77.200089,28.5173033,Cafe,,Indian Rupees(Rs.),No,Yes,No,No,1,4.4,Green,Very Good,269.0
18458633,Noore-e-Seva,1,Gurgaon,"Shop 3, Huda Market, Sarahel, Udyog Vihar, Gurgaon",Udyog Vihar,"Udyog Vihar, Gurgaon",77.0671777,28.490597,"Mughlai, Biryani",150.0,Indian Rupees(Rs.),No,No,No,No,1,0.0,White,Not rated,0.0
18360284,Let's Meet Up,1,New Delhi,"I-1, Shop 2, Kirti Nagar, New Delhi",Kirti Nagar,"Kirti Nagar, New Delhi",77.14399081,28.64679749,"Fast Food, Bakery",350.0,Indian Rupees(Rs.),No,No,No,No,1,3.2,,Average,16.0
5702,Sanjay Pandit Bhojnalaya,1,Noida,"Khoda Colony, Deepak Vihar, Sector 58, Noida",Sector 58,"Sector 58, Noida",77.3532162,28.6099807,North Indian,150.0,,No,No,No,No,1,0.0,White,Not rated,2.0
304592,Bobby Tikki Wala,1,New Delhi,"G-1, Ajnara Tower, DDA Market, Plot Number 1, Savita Vihar, Near Anand Vihar, New Delhi",Anand Vihar,"Anand Vihar, New Delhi",77.3168615,28.6603647,Street Food,150.0,Indian Rupees(Rs.),No,No,No,No,1,2.8,Orange,Average,
18306524,Biryani Blues,1,New Delhi,"Kiosk 4, Level 2, Food Capital, Worldmark 1, Aerocity, New Delhi","Worldmark 1, Aerocity","Worldmark 1, Aerocity, New Delhi",77.12179529,28.5503472,"Biryani, Hyderabadi",1000.0,Indian Rupees(Rs.),No,No,No,No,0,3.6,Yellow,Good,22.0
300874,Shanu's Food Shop,1,New Delhi,"3, Block C8, DDA Market, Keshav Puram, Lawrence Road, New Delhi",Lawrence Road,"Lawrence Road, New Delhi",77.1602156,28.6906395,"North Indian, Chinese, Fast Food",450.0,Indian Rupees(Rs.),,Yes,No,No,1,2.8,Orange,Average,
18477428,Yummy Cake,1,Faridabad,"285, DDA Flat, Suraj Kund Road, Pul Prahladpur, Suraj Kund, Faridabad",Suraj Kund,"Suraj Kund, Faridabad",0.0,0.0,Bakery,400.0,Indian Rupees(Rs.),No,No,No,No,1,3.0,Orange,Average,
18057805,Biryani Binge,1,,"Mandakini Enclave, Alaknanda, New Delhi",Alaknanda,"Alaknanda, New Delhi",77.25034475,28.53141028,,600.0,Indian Rupees(Rs.),No,Yes,No,No,2,3.9,Yellow,Good,97.0
305269,Bonne Bouche,1,New Delhi,"Shop 16, 1st Floor, Defence Colony Market, Defence Colony, New Delhi",Defence Colony,"Defence Colony, New Delhi",77.2300522,28.5734471,"Italian, French",1750.0,Indian Rupees(Rs.),Yes,Yes,No,No,3,4.1,Green,Very Good,711.0
9267,China Town,1,New Delhi,"Basant Lok Market, Opposite Modern Bazar, Vasant Vihar, New Delhi","Basant Lok Market, Vasant Vihar","Basant Lok Market, Vasant Vihar, New Delhi",77.16399444,28.55882222,"Chinese, Fast Food",,Indian Rupees(Rs.),No,No,No,No,1,2.9,Orange,Average,7.0
310357,Food Point and Sweets Corner,1,New Delhi,"Near Tura Mandi, Old Kakrola Road, Najafgarh, New Delhi",Najafgarh,"Najafgarh, New Delhi",76.9911162,28.6119984,"South Indian, Fast Food, North Indian, Chinese",250.0,Indian Rupees(Rs.),No,No,No,No,1,0.0,,Not rated,2.0
18460328,Punjabi Dhaba,1,New Delhi,"Shop BE-106A, Hari Nagar, Near Tilak Nagar, New Delhi",Tilak Nagar,"Tilak Nagar, New Delhi",0.0,0.0,North Indian,300.0,Indian Rupees(Rs.),No,No,No,No,1,0.0,White,Not rated,3.0
3910,24/7 Restaurant - The Lalit New Delhi,1,New Delhi,"The Lalit, Barakhamba Avenue, Barakhamba Road, New Delhi","The Lalit New Delhi, Barakhamba Road","The Lalit New Delhi, Barakhamba Road, New Delhi",77.22756944,28.63148611,"Continental, North Indian, Italian, Asian",5100.0,Indian Rupees(Rs.),,No,No,No,4,3.7,Yellow,Good,419.0
18382355,Pizza Express,1,Faridabad,"Shop 232, HUDA Market, Sector 7, Faridabad",Sector 7,"Sector 7, Faridabad",77.3262953,28.3630576,"Pizza, Fast Food",400.0,Indian Rupees(Rs.),No,No,No,No,1,0.0,White,Not rated,1.0
5800710,The Manhattan Fish Market,191,Colombo,"31, Deal Place, Off R.A. De Mel Mawatha, Kollupitiya, Colombo 03","Kollupitiya, Colombo 03","Kollupitiya, Colombo 03, Colombo",79.85336389,6.906813889,,4500.0,Sri Lankan Rupee(LKR),No,,No,No,4,4.0,Green,Very Good,196.0
18317229,Radhe Shyam,1,New Delhi,"M-6, Kalkaji, New Delhi",Kalkaji,"Kalkaji, New Delhi",77.2594998,28.53815752,Street Food,150.0,Indian Rupees(Rs.),No,No,No,No,1,2.8,Orange,Average,10.0
309586,Kinbuck 2,1,New Delhi,"P-10/90, 1st & 2nd Floor, Outer Circle, Connaught Place, New Delhi",Connaught Place,"Connaught Place, New Delhi",77.2163994,28.6320976,"North Indian, Italian, Mexican, Chettinad, Chinese, Lebanese",1600.0,Indian Rupees(Rs.),No,No,No,No,3,3.9,Yellow,Good,1286.0
18486867,Alam Biryani,1,New Delhi,"Outside Tamil Sangam Building, R K Puram, New Delhi",R K Puram,"R K Puram, New Delhi",77.1784594,28.5642458,Biryani,100.0,Indian Rupees(Rs.),No,No,No,No,1,0.0,White,Not rated,0.0
673,Wimpy,1,New Delhi,"31, Aurobindo Place Market, Hauz Khas, New Delhi",Hauz Khas,"Hauz Khas, New Delhi",77.2039227,28.5522405,"Fast Food, Burger",350.0,Indian Rupees(Rs.),No,No,No,No,1,,Orange,Average,220.0
6404082,Rocomamas,189,Cape Town,"107a Main Road, Green Point, Cape Town",Green Point,"Green Point, Cape Town",18.409153,-33.907776,"Burger, Fast Food, Grill",250.0,Rand(R),No,No,No,No,3,3.6,Yellow,Good,131.0
17294441,Giuseppe's Pizza & Italian Specialities,216,Augusta,"3690 Wheeler Rd, Augusta, GA 30909",Augusta,"Augusta, Augusta",-82.096,33.4827,"Desserts, Italian, Pizza",,Dollar($),No,,No,No,2,4.1,Green,Very Good,430.0
306636,Deli 63,1,New Delhi,"Shop 3, A-4, Opposite Paschim Vihar East Metro Station, Paschim Vihar, New Delhi",Paschim Vihar,"Paschim Vihar, New Delhi",77.1113276,28.6770448,"Fast Food, Street Food",300.0,Indian Rupees(Rs.),No,Yes,No,No,1,,Yellow,Good,52.0
310653,Baked Buns,1,New Delhi,"6/276, Lalita Park, Laxmi Nagar, New Delhi",Laxmi Nagar,"Laxmi Nagar, New Delhi",,28.6301736,,500.0,Indian Rupees(Rs.),No,Yes,No,No,2,3.1,Orange,Average,18.0
17293163,Choo Choo Eastside,216,Athens,"1055 Gaines School Rd Ste 100, Athens, GA 30605",Athens,"Athens, Athens",-83.3389,33.9259,"Japanese, Korean",10.0,Dollar($),No,No,No,No,1,3.9,,Good,439.0
18443506,The Fisherman's Wharf,1,Hyderabad,"304, Puppalaguda, Financial District,ISB - Outer Ring Road, Gachibowli, Hyderabad",Gachibowli,"Gachibowli, Hyderabad",78.3296446,17.4110278,"Seafood, Continental, Goan, Asian, Andhra",1500.0,Indian Rupees(Rs.),Yes,No,No,No,3,3.8,Yellow,Good,144.0
7100119,Hippopotamus - Museum Hotel,148,Wellington City,"Museum Hotel, Level 3, 90 Cable Street, Te Aro, Wellington City",Te Aro,"Te Aro, Wellington City",174.782427,-41.291774,"French, Kiwi",200.0,NewZealand($),,,No,No,4,4.4,Green,Very Good,125.0
7310,Adish,1,New Delhi,"AB 2, Safdarjung Enclave, Safdarjung, New Delhi",Safdarjung,"Safdarjung, New Delhi",999.0,999.0,"North Indian, Chinese, South Indian",700.0,Indian Rupees(Rs.),No,No,No,No,2,3.1,,Average,45.0
6601218,New Koto,30,Bras�_lia,"SCS 212, Bloco B, Loja 26, Asa Sul, Bras�_lia",Asa Sul,"Asa Sul, Bras�_lia",-47.91016667,-15.82733333,Japanese,200.0,Brazilian Real(R$),No,No,No,No,4,3.7,Yellow,Good,5.0
309805,Rigo Noodles,1,New Delhi,"30, 4B, Jawahar Nagar, Kamla Nagar, New Delhi",Kamla Nagar,"Kamla Nagar, New Delhi",77.20720008,28.68121151,"Chinese, Thai",500.0,Indian Rupees(Rs.),No,No,No,No,2,3.5,Yellow,Good,133.0
5899,Roll Club,1,New Delhi,"30,G.F, Living Style Mall, Main Kalindi Kunj Road, Jasola, New Delhi","Living Style Mall, Jasola","Living Style Mall, Jasola, New Delhi",77.2969868,28.541186,,250.0,Indian Rupees(Rs.),No,No,No,No,1,2.7,,Average,50000.0
17615855,Huey's On The River,216,Savannah,"115 E River St, Savannah, GA 31401",Savannah,"Savannah, Savannah",-81.0897,32.0812,"Breakfast, Cajun",40.0,Dollar($),No,No,No,No,3,4.1,Green,Very Good,802.0
18337907,Gabbar Di Hatti,1,New Delhi,"R-39, Opposite Metro Pillar - 47,  Shakurpur, Vikas Marg",Vikas Marg,"Vikas Marg, New Delhi",77.3103529,28.6580412,"North Indian, Mughlai",300.0,Indian Rupees(Rs.),No,No,No,No,1,3.4,Orange,Average,19.0
300591,Rajeev Restaurant,1,New Delhi,"5, Behind Hotel Royal Plaza, Janpath, New Delhi",Janpath,"Janpath, New Delhi",77.2166027,,,200.0,Indian Rupees(Rs.),No,No,No,No,1,3.0,Orange,Average,5.0
1823,Shiv Saras Vyanjan,1,Faridabad,"Shop 2398, Sector 7-A, Near, Sector 7, Faridabad",Sector 7,"Sector 7, Faridabad",77.3282696,28.3691677,Mithai,100.0,Indian Rupees(Rs.),No,No,No,No,1,2.9,Orange,,5.0
8228,Kanha Bhog,1,Noida,"A-2/33, Sector 110, Noida",Sector 110,"Sector 110, Noida",77.38745894,28.53358145,"Mithai, Street Food",150.0,Indian Rupees(Rs.),No,No,No,No,1,2.6,Orange,Average,26.0
303595,Chicken Khurana,1,New Delhi,"F-15/40, Rohini, New Delhi",Rohini,"Rohini, New Delhi",77.1320227,28.7341659,"North Indian, Mughlai",550.0,Indian Rupees(Rs.),No,Yes,No,No,2,2.7,Orange,Average,128.0
18421029,Foodrath,1,Gurgaon,"Shop GF, 105-H, Sushant Shopping Arcade, Sushant Lok, Gurgaon","Sushant Shopping Arcade, Sushant Lok, Gurgaon","Sushant Shopping Arcade, Sushant Lok, Gurgaon, Gurgaon",77.0793669,28.4613734,"North Indian, Chinese",400.0,Indian Rupees(Rs.),No,No,No,No,1,3.0,Orange,Average,4.0
6703176,Veloso,30,S��o Paulo,"Rua Concei�_��o Veloso, 56, Vila Mariana, S��o Paulo",Vila Mariana,"Vila Mariana, S��o Paulo",-46.63566667,-23.58516667,,70.0,Brazilian Real(R$),No,No,No,No,3,4.6,Dark Green,Excellent,58.0
7516,The Food Store - DoubleTree by Hilton,1,Gurgaon,"DoubleTree by Hilton, Golf Course Road, Sector 56, Gurgaon","DoubleTree by Hilton, Sector 56","DoubleTree by Hilton, Sector 56, Gurgaon",77.104693,28.4221468,"European, Italian",3000.0,Indian Rupees(Rs.),Yes,No,No,No,4,3.6,,Good,58.0
18423901,Niti Shake & Ice Cream Hub,1,New Delhi,"G 75, Agarwal Cyber Plaza II, Netaji Subhash Place, New Delhi",Netaji Subhash Place,"Netaji Subhash Place, New Delhi",77.1499094,28.6936265,"Desserts, Beverages",200.0,Indian Rupees(Rs.),No,No,No,No,1,3.8,Yellow,Good,23.0
220,Domino's Pizza,1,New Delhi,"6-7, Commercial Shopping Complex, Shanti Niketan Marg, New Delhi",Shanti Niketan Marg,"Shanti Niketan Marg, New Delhi",77.1684077,28.5771317,"Pizza, Fast Food",700.0,Indian Rupees(Rs.),No,No,No,No,2,2.8,Orange,Average,85.0
6601862,Tayp��,30,,"Fashion Park, Shis Ql 17, Bloco G, Loja 208, Lago Sul, Bras�_lia",Lago Sul,"Lago Sul, Bras�_lia",,-15.860621,"Peruvian, Latin American",100.0,Brazilian Real(R$),No,No,No,No,4,3.6,Yellow,Good,99999.0
209654,Rasoi Ghar,214,Dubai,"Zainal Mohebi Plaza, Sheikh Khalifa Bin Zayed Road, Opposite Centrepoint, Al Karama, Dubai",Al Karama,"Al Karama, Dubai",-999.0,999.0,Indian,90.0,Emirati Diram(AED),Yes,Yes,No,No,2,4.3,Green,Very Good,1281.0
18359287,Chin China,1,,"Shop 1, RG Complex 1, Prashant Vihar, New Delhi",Prashant Vihar,"Prashant Vihar, New Delhi",77.1346295,28.7159746,Chinese,150.0,,No,No,No,No,1,,Orange,Average,9.0
4473,Haldiram's,1,Noida,"L-1, Centre Stage Mall, Sector 18, Noida","Centre Stage Mall, Sector 18","Centre Stage Mall, Sector 18, Noida",77.32303832,28.5680476,,600.0,Indian Rupees(Rs.),No,No,No,No,2,3.5,Yellow,Good,-1.0
3900232,Kerala Cafe,1,Varanasi,"Bhelupur Crossing, Bhelupur, Varanasi",Bhelupur,"Bhelupur, Varanasi",0.0,0.0,South Indian,300.0,Indian Rupees(Rs.),No,No,No,No,2,3.6,Yellow,Good,125.0
17606621,HI Lite Bar & Lounge,216,Miller,"109 N Broadway Ave, Miller, SD 57362",Miller,"Miller, Miller",-98.9891,44.5158,,0.0,,No,No,No,No,1,3.4,Orange,Average,11.0
301301,Bhogal Chole Bhature Wala,1,New Delhi,"Scindia House, K G Marg, Janpath, New Delhi",Janpath,"Janpath, New Delhi",77.22037341,28.62921603,Street Food,150.0,Indian Rupees(Rs.),No,No,No,No,1,3.8,Yellow,Good,47.0
785,Costa Coffee,1,New Delhi,"M-38, Greater Kailash (GK) 2, New Delhi",Greater Kailash (GK) 2,"Greater Kailash (GK) 2, New Delhi",77.2432456,28.5337162,,600.0,Indian Rupees(Rs.),No,No,No,No,2,3.5,Yellow,Good,
18396180,Sheetla Dhaba,1,Gurgaon,"Dharma Colony, Opposite ACP Office, Palam Vihar, Gurgaon",Palam Vihar,"Palam Vihar, Gurgaon",77.0358272,28.5033611,North Indian,400.0,Indian Rupees(Rs.),No,No,No,No,9,0.0,White,Not rated,
5904,Club Tokyo - Best Western Skycity Hotel,1,Gurgaon,"Best Western Skycity Hotel, 1 Old Judicial Complex, Sector 15, Gurgaon","Best Western Skycity Hotel, Sector 15, Gurgaon","Best Western Skycity Hotel, Sector 15, Gurgaon, Gurgaon",77.0347151,28.4580879,Japanese,1500.0,Indian Rupees(Rs.),Yes,No,No,No,3,2.8,Orange,Average,13.0
17144717,Giovanni's Shrimp Truck,216,Rest of Hawaii,"56-505 Kamehameha Hwy, Kahuku, HI 96731",Kahuku,"Kahuku, Rest of Hawaii",-157.948486,21.677078,Seafood,25.0,Dollar($),No,No,No,No,2,,Dark Green,Excellent,691.0
18357819,Nutri Lunch,1,New Delhi,"B-422, Sarita Vihar, New Delhi",Sarita Vihar,"Sarita Vihar, New Delhi",77.2921201,28.532939,North Indian,200.0,Indian Rupees(Rs.),No,,No,No,1,0.0,White,Not rated,0.0
302685,New Laxmi Sweets,1,New Delhi,"Opposite Batra Hospital, Mukherjee Nagar, New Delhi",Mukherjee Nagar,"Mukherjee Nagar, New Delhi",77.2146979,28.7110956,"South Indian, Chinese, Fast Food, Mithai",200.0,Indian Rupees(Rs.),No,No,No,No,1,2.8,Orange,Average,11.0
311634,Keventers,1,New Delhi,"Ground Floor, High Street, Select Citywalk Mall, Saket, New Delhi","Select Citywalk Mall, Saket","Select Citywalk Mall, Saket, New Delhi",77.21866552,28.52845965,Beverages,400.0,Indian Rupees(Rs.),No,No,No,No,1,3.9,Yellow,Good,
300635,Janta Sweets,1,New Delhi,"9360 61/8, Multani Dhanda",Paharganj,"Paharganj, New Delhi",77.21159454,28.64754161,"Street Food, Mithai",,Indian Rupees(Rs.),No,No,No,No,1,3.0,Orange,Average,9.0
18241896,Zizo,1,Gurgaon,"Palm Spring Plaza, Sector 54, Gurgaon",Sector 54,"Sector 54, Gurgaon",77.1011865,28.4454847,"Lebanese, Mediterranean, Middle Eastern, Arabian",1600.0,Indian Rupees(Rs.),Yes,Yes,No,No,3,3.9,Yellow,Good,233.0
18312665,Best Chicken Corner,1,New Delhi,"Main Rohtak Road, Near Sutan Puri More, Opposite Metro Pillar 373, Nangloi, New Delhi",Nangloi,"Nangloi, New Delhi",77.0688571,28.6823752,North Indian,650.0,Indian Rupees(Rs.),No,No,No,No,2,0.0,White,Not rated,0.0
18464002,Hot Fork,1,Gurgaon,"C-98, Vyapar Kendra, Palam Vihar, Gurgaon",Palam Vihar,"Palam Vihar, Gurgaon",77.0313937,28.5091367,"Chinese, Fast Food",400.0,Indian Rupees(Rs.),No,No,No,No,1,0.0,White,Not rated,2.0
309080,Chulha Punjabi Da,1,New Delhi,"36, C.S.C, Market 2, Chittaranjan Park, New Delhi",Chittaranjan Park,"Chittaranjan Park, New Delhi",77.25327071,28.53634285,"North Indian, Chinese, Fast Food",,Indian Rupees(Rs.),No,Yes,No,No,2,2.4,Red,Poor,41.0
18282012,Milk n More,1,New Delhi,"2406, Chawri Bazar, New Delhi",Chawri Bazar,"Chawri Bazar, New Delhi",77.2310851,28.650566,,100.0,Indian Rupees(Rs.),No,No,No,No,1,3.1,Orange,,6.0
18017615,What's Up,1,Kolkata,"122A, Southern Avenue, Kolkata",Southern Avenue,"Southern Avenue, Kolkata",88.36250436,22.51411859,,1000.0,Indian Rupees(Rs.),,No,No,No,3,4.0,Green,Very Good,1126.0
309807,Cottage Caf�� by Smoothie factory,1,New Delhi,"Cottage Emporium, Janpath, New Delhi",Janpath,"Janpath, New Delhi",77.21970689,28.62590527,"Cafe, Desserts, Healthy Food, Juices",500.0,Indian Rupees(Rs.),No,,No,No,2,3.7,Yellow,Good,223.0
18429396,Juniper Bar - Andaz Delhi,1,New Delhi,"Andaz Delhi, Asset 1, Aerocity, New Delhi","Andaz Delhi, Aerocity","Andaz Delhi, Aerocity, New Delhi",77.12181085,28.55480667,"North Indian, European",1500.0,Indian Rupees(Rs.),Yes,No,No,No,3,3.0,Orange,Average,4.0
18370535,Meatwale.com,1,,"Shop 43, DLF South Square Mall, Sarojini Nagar, New Delhi","DLF South Square, Sarojini Nagar","DLF South Square, Sarojini Nagar, New Delhi",77.194929,28.5761036,"North Indian, Indian",300.0,,No,No,No,No,1,0.0,White,Not rated,0.0
306656,Prince Fried N Grilled Chicken,1,New Delhi,"Shop 3, Block C, Shivpuri, Main Patparganj Road, Krishna Nagar, New Delhi",Krishna Nagar,"Krishna Nagar, New Delhi",77.2776449,28.652892,North Indian,450.0,Indian Rupees(Rs.),No,No,No,No,1,2.7,Orange,Average,18.0
18384142,Crudo Juicery,1,Gurgaon,"DLF Phase 3, Gurgaon",DLF Phase 3,"DLF Phase 3, Gurgaon",77.1049154,28.4871499,"Beverages, Salad, Beverages",400.0,Indian Rupees(Rs.),No,Yes,No,No,1,4.3,Green,Very Good,33.0
313120,Uncle's Patty,1,Noida,"21/A, Krishna Apra Plaza, Commercial Belt, Alpha 1, Greater Noida, Noida",Greater Noida,"Greater Noida, Noida",77.5102866,28.4706608,Fast Food,500.0,Indian Rupees(Rs.),No,No,No,No,2,3.5,Yellow,Good,28.0
312169,Pizza Yum,1,New Delhi,"D-1/23, Street 5, Mahavir Enclave, Palam Dabri Road, Palam, New Delhi",Palam,"Palam, New Delhi",77.0815144,28.5974151,"Pizza, Fast Food",650.0,Indian Rupees(Rs.),No,No,No,No,2,2.7,Orange,Average,8.0
18357542,Food For Thought,1,New Delhi,"14, Navjivan Vihar, Malviya Nagar, New Delhi",Malviya Nagar,"Malviya Nagar, New Delhi",77.2001377,28.5322332,"North Indian, Italian",,Indian Rupees(Rs.),No,Yes,No,No,2,3.8,Yellow,Good,55.0
18349733,The Ice Cafe,1,New Delhi,"25-UB, Jawahar Nagar, Kamla Nagar, New Delhi",Kamla Nagar,"Kamla Nagar, New Delhi",77.20695868,28.6815983,"Cafe, Chinese, Continental, Italian, Desserts, Beverages",400.0,Indian Rupees(Rs.),No,No,No,No,1,3.2,Orange,Average,28.0
18374707,Man Vs Food The Kitchen,1,New Delhi,"Shop 125, Defence Colony Flyover Complex, Defence Colony, New Delhi",Defence Colony,"Defence Colony, New Delhi",77.238347,,"North Indian, Mughlai",600.0,Indian Rupees(Rs.),No,Yes,No,No,2,3.1,Orange,Average,9.0
17953929,Cafe Einstein,1,New Delhi,"21, Paharpur Business Centre, Nehru Place, New Delhi",Nehru Place,"Nehru Place, New Delhi",77.2512468,28.5473151,"North Indian, Fast Food",550.0,Indian Rupees(Rs.),No,No,No,No,2,0.0,White,Not rated,1.0
307951,Just Vada Pav,1,New Delhi,"E-157, Krishna Market, Kalkaji, New Delhi",Kalkaji,"Kalkaji, New Delhi",77.25293074,28.54286122,Street Food,500.0,,No,No,No,No,1,3.6,Yellow,Good,94.0
18466943,GoGourmet,1,Gurgaon,"Unit 2B, Amenity Block-II, Candor Techspace, Sector 21, Gurgaon",Sector 21,"Sector 21, Gurgaon",77.0716913,28.5094378,"Healthy Food, Beverages",600.0,Indian Rupees(Rs.),No,No,No,No,2,3.2,Orange,Average,8.0
5701917,P.F. Chang's,214,Abu Dhabi,"Level 1, World Trade Center Mall, Central Market, Al Markaziya, Abu Dhabi","World Trade Center Mall, Al Markaziya","World Trade Center Mall, Al Markaziya, Abu Dhabi",,24.48761082,Chinese,250.0,Emirati Diram(AED),No,No,No,No,4,4.2,,Very Good,
18306533,The Brewhouse,1,Gurgaon,"Fortune Select Excalibur, Sector 49, Sohna Road, Gurgaon",Sohna Road,"Sohna Road, Gurgaon",77.04178983,28.41593885,Continental,2500.0,Indian Rupees(Rs.),Yes,No,No,No,4,4.1,,,56.0
303590,Vaishno Amritsari Dhaba,1,New Delhi,"G-12, Aggarwal Tower, Local Shopping Complex 2, Near AVB Public School, IP Extension, New Delhi",IP Extension,"IP Extension, New Delhi",77.307845,28.6278421,,350.0,Indian Rupees(Rs.),No,Yes,No,No,1,3.2,Orange,Average,51.0
18265677,The Krib,1,New Delhi,"A-8, Kailash Park, Near Metro Pillar 326, Opposite Kalra Hospital, Kirti Nagar, New Delhi",Kirti Nagar,"Kirti Nagar, New Delhi",77.1384406,,"Italian, Continental",2500.0,Indian Rupees(Rs.),Yes,No,No,No,4,3.2,Orange,Average,14.0
18331053,Patiala,1,Gurgaon,"16-F, Madanpuri Road, New Colony, Old Railway Road, Gurgaon",Old Railway Road,"Old Railway Road, Gurgaon",77.0204469,28.4667702,"Mughlai, Chinese",600.0,Indian Rupees(Rs.),No,No,No,No,2,3.4,Orange,Average,33.0
18471259,Pind Bawarchi,1,Gurgaon,"Shop 4 & 5, Huda Market, Sector 14, Gurgaon",Sector 14,"Sector 14, Gurgaon",77.0482744,28.4728921,"North Indian, Chinese",600.0,Indian Rupees(Rs.),No,Yes,No,No,2,,Orange,Average,8.0
18241858,Muradabadi Biryani,1,New Delhi,"E-68, Gurunanak Pura, Jail Road, New Delhi",Jail Road,"Jail Road, New Delhi",77.0981402,28.6322412,Hyderabadi,300.0,Indian Rupees(Rs.),No,No,No,No,1,,Orange,Average,18.0
304803,Annapurna Sweets Palace,1,New Delhi,"K-1249, Opposite Sanjay Gandhi Hospital, Mangolpuri, Nangloi, New Delhi",Nangloi,"Nangloi, New Delhi",77.0820784,28.6934044,"Mithai, Street Food",,Indian Rupees(Rs.),No,No,No,No,1,6.5,White,Not rated,1.0
310762,The Cake Shop,1,Noida,"Shop A-79, Opposite Kotak Mahindra Bank, Sector 110, Noida",Sector 110,"Sector 110, Noida",77.38716993,,Bakery,250.0,Indian Rupees(Rs.),No,No,No,No,1,0.0,White,Not rated,2.0
303592,Bhatia Sweets,1,New Delhi,"2, DDA Market 2, Near Balco Apartment, IP Extension, New Delhi",IP Extension,"IP Extension, New Delhi",77.305996,28.630711,"Mithai, South Indian, Street Food",150.0,Indian Rupees(Rs.),No,No,No,No,1,3.5,Yellow,Good,
312523,The Rolling Pin Bakery,1,Gurgaon,"C-9/9-D, DLF Phase 1, Gurgaon",DLF Phase 1,"DLF Phase 1, Gurgaon",,28.4679828,Bakery,500.0,Indian Rupees(Rs.),No,No,No,No,2,3.1,Orange,Average,10.0
709,Baskin Robbins,1,New Delhi,"67, Community Centre Market, New Friends Colony, New Delhi","Community Centre, New Friends Colony","Community Centre, New Friends Colony, New Delhi",77.2683524,,Ice Cream,300.0,Indian Rupees(Rs.),No,Yes,No,No,1,3.3,Orange,,38.0
18415355,KFC,1,Gurgaon,"Plot 98, Main market, Sector 14, Gurgaon",Sector 14,"Sector 14, Gurgaon",77.047405,28.4740886,"American, Fast Food, Burger",500.0,Indian Rupees(Rs.),No,,No,No,2,2.7,Orange,Average,17.0
9850,Gulshan Pastry Shop,1,New Delhi,"A 73, Silver Complex, Shakarpur, Madhuban Chowk, Laxmi Nagar, New Delhi",Laxmi Nagar,"Laxmi Nagar, New Delhi",77.2853555,28.6358385,Bakery,200.0,Indian Rupees(Rs.),No,No,No,No,1,3.0,Orange,Average,9.0
3632,Punjabi Zaika,1,New Delhi,"23, Market 2, Chittaranjan Park, New Delhi",Chittaranjan Park,"Chittaranjan Park, New Delhi",77.2534878,28.5364501,"Chinese, Mughlai, North Indian",500.0,Indian Rupees(Rs.),No,Yes,No,No,2,,Orange,Average,39.0
18424588,Tiffin Man House,1,Noida,"N 97, Behind Fortis Hospital, Sector 62, Noida",Sector 62,"Sector 62, Noida",77.369567,28.6188035,North Indian,200.0,Indian Rupees(Rs.),No,No,No,No,1,,White,Not rated,0.0
18163892,The Delhi Canteen,1,New Delhi,"30, Corner Market, Malviya Nagar, New Delhi",Malviya Nagar,"Malviya Nagar, New Delhi",77.2142624,28.5384888,"North Indian, Continental, Asian, Chinese, Thai",1000.0,Indian Rupees(Rs.),Yes,Yes,No,No,3,3.6,Yellow,Good,305.0
309756,Khatey Raho,1,New Delhi,"Shop 22, Market 1, Chittaranjan Park, New Delhi",Chittaranjan Park,"Chittaranjan Park, New Delhi",77.2488511,28.5401398,"North Indian, Mughlai, Fast Food, South Indian",250.0,Indian Rupees(Rs.),No,No,No,No,1,3.3,Orange,,26.0
309178,Kumar Pastry Shop,1,New Delhi,"6/33, Moti Nagar, New Delhi",Moti Nagar,"Moti Nagar, New Delhi",77.1414135,28.658983,"Bakery, Fast Food",300.0,Indian Rupees(Rs.),No,No,No,No,1,3.2,Orange,Average,31.0
308069,Cafe Regent,1,New Delhi,"Hotel Regent Grand, 2/6 East Patel Nagar, Near Pusa Road, East Patel Nagar, New Delhi","Hotel Regent Grand, Karol Bagh","Hotel Regent Grand, Karol Bagh, New Delhi",77.1729864,28.6430365,Cafe,700.0,Indian Rupees(Rs.),No,No,No,No,2,3.0,Orange,Average,7.0
18375413,Rama Desi Ghee Meat Wala,1,New Delhi,"IA, Block 10 C, Ashok Vihar Phase 1, New Delhi",Ashok Vihar Phase 1,"Ashok Vihar Phase 1, New Delhi",,0.0,North Indian,650.0,Indian Rupees(Rs.),No,No,No,No,2,0.0,,Not rated,0.0
18396179,Biryani Blues,1,Noida,"Food Court, Logix City Centre, Sector 32, Near Sector 34, Noida","Logix City Centre, Sector 32, Noida","Logix City Centre, Sector 32, Noida, Noida",77.3536634,28.5743086,"Biryani, Hyderabadi",1000.0,Indian Rupees(Rs.),No,No,No,No,3,3.5,Yellow,Good,18.0
301498,South Indian Corner,1,New Delhi,"Shop H-74 A, Mangal Bazaar Road, Near Kiran Dairy, Dilshad Garden, New Delhi",Dilshad Garden,"Dilshad Garden, New Delhi",77.3203722,28.6817639,South Indian,200.0,Indian Rupees(Rs.),No,No,No,No,1,3.3,Orange,Average,27.0
300672,Chaska,1,New Delhi,"G-6, Maya Complex, GU Block, Pitampura, New Delhi",Pitampura,"Pitampura, New Delhi",77.1452027,28.7147226,"North Indian, South Indian, Chinese, Fast Food",500.0,Indian Rupees(Rs.),No,Yes,No,No,2,,Orange,Average,161.0
834,Berco's,1,Noida,"O-1, Sector 12, Noida",Sector 12,"Sector 12, Noida",77.3388953,28.5939838,"Chinese, Thai",1100.0,Indian Rupees(Rs.),No,Yes,No,No,3,3.7,Yellow,Good,1182.0
306513,Cafe Cruise,1,New Delhi,"UG 16-17, 1st Floor, City Square Mall, Rajouri Garden, New Delhi","City Square Mall, Rajouri Garden","City Square Mall, Rajouri Garden, New Delhi",77.1232509,28.6501775,,1300.0,Indian Rupees(Rs.),Yes,Yes,No,No,3,2.8,Orange,Average,153.0
18448608,The Saffron Plant Restaurant,1,Noida,"The Club, Amrapali Sapphire, Sector 45, Near Sector 44, Noida",Sector 44,"Sector 44, Noida",0.0,0.0,"Chinese, North Indian, Mughlai",500.0,Indian Rupees(Rs.),Yes,No,No,No,2,0.0,White,Not rated,0.0
306510,Cafe on 3 - Holiday Inn,1,New Delhi,"Holiday Inn, 13-A, District Centre, Mayur Vihar Phase 1, New Delhi","Holiday Inn, Mayur Vihar","Holiday Inn, Mayur Vihar, New Delhi",77.2980406,28.5907981,"Continental, Chinese, Thai, Mediterranean",2000.0,Indian Rupees(Rs.),Yes,No,No,No,4,3.4,Orange,Average,174.0
18246984,Turban Tadka,1,New Delhi,"WZ-139, B1/B, New Mahavir Nagar, Tilak Nagar, New Delhi",Tilak Nagar,"Tilak Nagar, New Delhi",77.0846233,28.6356249,"North Indian, Fast Food",250.0,Indian Rupees(Rs.),No,,No,No,1,0.0,White,,3.0
18445360,Hungrill,1,Faridabad,"Booth 110, HUDA Market, Near ICICI Bank, Sector 16, Faridabad",Sector 16,"Sector 16, Faridabad",77.3190765,28.4108198,"North Indian, Chinese, Continental",500.0,Indian Rupees(Rs.),No,No,No,No,2,,Orange,Average,4.0
4122,Republic of Chicken,1,Gurgaon,"SG 28, Sector 14, Gurgaon",Sector 14,"Sector 14, Gurgaon",77.0484406,28.4736075,"Raw Meats, Fast Food",400.0,Indian Rupees(Rs.),No,No,No,No,1,2.8,Orange,Average,9.0
177,McDonald's,1,New Delhi,"P-14, Connaught Place, New Delhi",Connaught Place,"Connaught Place, New Delhi",77.216411,28.6323132,"Fast Food, Burger",,Indian Rupees(Rs.),No,No,No,No,2,3.8,Yellow,Good,388.0
18468524,The Pure Kitchen,1,New Delhi,"Near Pal Dairy, Opposite JNU, Munirka Vihar, Munirka, New Delhi",Munirka,"Munirka, New Delhi",77.1901673,28.5266192,"Chinese, Continental, North Indian",250.0,Indian Rupees(Rs.),No,No,No,No,1,0.0,White,Not rated,0.0
301335,The Bubble Tea Cafe,1,New Delhi,"C-2B/86, Janakpuri, New Delhi",Janakpuri,"Janakpuri, New Delhi",77.0883654,28.6215998,Cafe,600.0,,No,Yes,No,No,2,3.0,Orange,Average,182.0
3200537,Freshco - The Health Caf��,1,Vadodara,"Shop 2-3, Ground Floor, Opposite Natubhai Circle, Trivia Complex, Race Course, Vadiwadi, Vadodara",Vadiwadi,"Vadiwadi, Vadodara",0.0,,Cafe,700.0,Indian Rupees(Rs.),No,No,No,No,2,4.2,Green,Very Good,
8805,Italiano,1,Gurgaon,"7, Food Court, 3rd Floor, DLF Mega Mall, DLF Phase 1, Gurgaon","DLF Mega Mall, DLF Phase 1","DLF Mega Mall, DLF Phase 1, Gurgaon",77.09323503,28.47573225,Italian,1500.0,Indian Rupees(Rs.),No,,No,No,3,3.0,Orange,Average,49.0
